property_type,holes_cracks,cosmetic_dmg,window_count,trending_style,RATING,latitude,longitude,wall_type_metal,wall_type_wood,roof_type_solar panel,roof_type_tile,lawn_type_none,lawn_type_small,interior_quality_fair,interior_quality_good,interior_quality_poor
0,0,2,20,1,9.0,25.47067,73.91314,0,0,0,1,1,0,0,0,0
1,1,0,8,1,8.0,92.0,85.0,0,0,0,1,0,0,0,1,0
0,5,5,4,0,3.0,0.0,0.0,1,0,1,0,1,0,0,0,1
1,2,4,0,1,2.0,32.0,49.0,0,1,0,0,0,1,1,0,0
0,5,2,11,0,4.6,-28.97939,-168.70745,1,0,1,0,1,0,1,0,0
1,5,1,16,1,4.9,-80.45234,-142.42392,0,1,0,0,1,0,1,0,0
0,4,5,9,1,3.4,1.9241,90.56034,0,1,0,0,1,0,0,0,1
1,2,1,13,1,7.8,60.53627,-3.98546,1,0,1,0,0,1,0,0,0
0,3,4,20,0,4.1,-73.69983,-144.06684,1,0,0,1,0,1,0,0,1
1,1,1,6,1,5.7,77.82082,-52.58932,0,0,0,0,1,0,1,0,0
1,2,4,15,1,4.7,-83.2675,-163.86303,1,0,0,0,0,0,1,0,0
1,5,3,7,0,3.0,-46.12858,-168.35231,1,0,0,1,0,1,0,1,0
0,1,4,20,1,5.2,78.24513,177.39346,0,1,0,0,1,0,0,0,1
1,2,1,20,1,5.0,-61.91644,-23.14189,0,1,0,1,0,1,1,0,0
0,3,5,13,1,5.8,-15.66163,95.92833,0,0,0,1,0,0,0,0,1
0,2,1,7,1,5.1,-41.1747,77.90154,0,1,0,0,1,0,1,0,0
1,3,4,16,1,4.0,2.31542,-107.44037,1,0,0,1,1,0,1,0,0
1,1,1,9,1,6.3,-10.66012,-25.37885,0,1,1,0,1,0,1,0,0
0,5,4,10,1,6.2,-60.89664,-58.35891,1,0,0,1,0,0,0,1,0
0,4,1,9,1,3.5,-18.46231,47.48681,1,0,1,0,0,1,0,0,1
0,1,4,15,1,3.8,64.65533,-104.77284,1,0,0,1,0,1,1,0,0
0,2,1,13,1,5.6,-87.85907,22.69023,1,0,0,0,1,0,0,1,0
0,2,3,12,0,7.5,-4.70071,-78.9008,0,0,0,0,1,0,0,0,0
0,2,4,5,0,3.9,74.19036,84.77111,1,0,0,1,1,0,1,0,0
1,4,1,10,0,6.5,51.45811,-74.90641,1,0,0,0,0,0,0,1,0
0,5,1,14,1,9.1,-69.11673,33.24302,0,0,1,0,0,0,0,1,0
1,1,1,2,1,5.6,57.57135,-74.98572,1,0,0,0,1,0,0,0,0
1,2,1,17,1,7.7,68.68403,-20.7901,1,0,0,0,0,0,1,0,0
1,5,4,15,1,8.2,77.06453,28.02617,0,0,1,0,0,0,0,0,0
0,2,4,1,1,4.2,-86.19932,-50.24911,0,1,0,1,0,0,1,0,0
0,2,4,13,0,4.2,76.17947,-126.50185,0,1,1,0,1,0,0,0,1
0,2,4,11,1,5.5,-28.15493,-118.51899,0,1,1,0,1,0,0,1,0
0,1,4,12,1,6.7,19.123,-179.4134,0,0,1,0,1,0,0,0,1
1,1,2,13,0,7.4,-84.84355,-165.25739,0,0,1,0,0,1,0,0,1
1,2,4,1,0,2.1,-31.16475,-29.21435,1,0,0,0,0,1,0,0,1
0,3,2,14,1,4.2,-46.239,28.26829,0,0,0,1,0,1,0,0,1
1,5,1,19,1,9.7,74.86688,16.31373,1,0,0,0,0,1,0,0,0
1,1,4,16,0,7.6,-67.31599,117.70464,1,0,1,0,0,1,0,1,0
0,4,4,15,0,8.8,-30.77925,65.84744,0,0,0,0,0,0,1,0,0
0,4,4,5,1,4.5,35.51029,146.35903,1,0,0,0,0,0,0,0,0
0,4,2,8,0,3.7,34.99203,21.1494,1,0,0,0,0,1,0,0,1
1,3,5,5,1,3.1,-24.08555,77.55065,1,0,0,1,0,0,0,0,1
0,2,4,3,1,7.7,-21.3993,-60.29058,1,0,0,1,0,0,0,0,0
1,5,4,4,0,3.6,4.21712,-0.95298,1,0,1,0,0,1,0,1,0
1,1,2,8,0,2.9,-58.93319,89.40059,0,1,0,1,1,0,1,0,0
0,1,1,1,0,5.8,21.52312,-100.4109,1,0,1,0,0,0,0,1,0
0,5,5,6,0,6.3,57.49953,45.93601,0,0,0,1,1,0,0,1,0
0,3,5,20,0,7.0,-75.99388,89.87034,1,0,1,0,1,0,0,0,0
1,4,1,2,1,5.0,-87.38438,119.99369,1,0,0,1,1,0,0,0,0
0,3,1,2,1,6.2,-37.29171,-154.39007,0,0,1,0,0,0,0,1,0
0,5,5,16,0,5.7,-89.00799,-68.71109,0,1,0,0,0,1,0,0,0
0,4,5,7,1,5.0,84.20635,-93.16759,0,0,0,0,0,0,0,0,1
1,4,5,12,1,8.3,52.90153,-15.50446,0,0,1,0,1,0,0,1,0
0,3,1,13,0,5.5,11.07806,-174.41968,0,1,0,0,1,0,1,0,0
0,3,2,20,0,4.2,52.50666,-112.51565,1,0,0,1,0,0,0,0,1
1,3,1,5,1,7.6,-45.76744,-166.26124,0,0,0,1,0,1,0,0,0
1,4,3,13,0,4.8,-67.04223,40.18472,1,0,1,0,0,1,0,1,0
1,5,4,10,0,5.9,-39.85575,-174.1633,1,0,1,0,0,1,0,1,0
1,3,4,1,0,4.8,8.69813,73.65224,0,0,0,0,0,0,1,0,0
1,5,1,13,0,4.9,-34.96085,131.08754,1,0,0,0,1,0,0,1,0
0,3,1,7,0,6.9,29.23554,171.08874,0,0,0,0,0,0,0,1,0
0,2,2,16,0,7.5,-81.94279,79.49197,0,0,0,1,0,1,0,1,0
1,2,2,10,1,5.4,66.21847,140.38941,0,1,1,0,0,0,0,1,0
1,3,2,13,1,7.8,86.68787,160.59334,0,1,0,0,0,1,0,0,1
0,3,1,13,1,7.6,60.59444,43.55547,0,1,0,0,1,0,0,0,0
0,4,1,3,0,5.9,-39.05725,-112.80135,1,0,1,0,1,0,0,0,0
0,1,1,4,1,6.0,30.25704,68.61714,0,0,1,0,0,1,1,0,0
1,3,2,10,1,8.1,-82.11306,62.04233,0,0,1,0,0,0,1,0,0
0,4,5,14,0,8.8,-62.34917,-136.79844,0,0,1,0,0,1,1,0,0
1,2,3,20,0,8.7,8.8953,-137.42033,0,0,0,0,0,1,0,0,0
0,3,1,10,0,4.6,-49.49349,112.86385,1,0,1,0,1,0,0,1,0
1,4,1,8,0,3.7,58.83329,-155.76876,1,0,0,0,1,0,1,0,0
0,3,4,6,0,3.3,46.39744,-157.61386,0,1,0,1,0,1,1,0,0
0,1,5,18,0,8.0,13.77615,55.27305,0,0,1,0,1,0,1,0,0
1,4,4,16,1,5.0,-54.11977,-141.9471,0,0,0,0,1,0,0,0,1
0,4,2,10,0,7.7,-77.20388,58.29695,0,1,0,0,1,0,1,0,0
0,1,2,6,0,5.2,-28.1967,105.74894,1,0,0,0,0,0,0,1,0
0,5,4,12,1,4.0,-84.84798,-78.04866,0,1,1,0,1,0,1,0,0
0,1,1,1,0,6.3,62.43165,-45.43666,0,0,0,1,0,0,1,0,0
0,1,5,8,1,5.5,-40.41647,159.31912,1,0,0,0,1,0,0,0,0
1,1,3,6,1,4.6,-52.45457,65.81516,0,1,1,0,0,0,1,0,0
0,5,4,9,0,6.2,-66.27329,152.46684,0,0,1,0,0,1,0,0,0
1,2,5,11,1,7.1,-61.2777,173.3958,0,0,1,0,0,0,1,0,0
1,1,2,4,0,6.2,-52.20177,-66.33593,0,0,0,0,1,0,1,0,0
1,5,5,3,0,5.2,-83.7418,163.52147,0,1,1,0,0,0,0,0,0
0,3,5,2,1,4.0,72.3252,-113.10974,0,1,0,0,1,0,0,0,0
1,3,4,3,0,5.9,-51.29528,163.6769,0,0,1,0,0,0,0,0,1
1,2,3,9,1,10.0,20.76036,110.97361,0,0,1,0,1,0,0,0,0
0,1,4,1,1,2.8,-45.17005,136.80103,0,1,1,0,1,0,0,0,1
0,2,1,9,0,5.2,-85.07897,173.08079,0,1,0,1,1,0,1,0,0
1,3,2,12,0,5.8,79.44527,37.76766,0,1,0,1,0,1,0,1,0
1,1,5,9,0,4.3,-12.66561,-162.40004,0,1,1,0,0,0,0,0,1
1,5,4,7,0,6.2,62.52886,158.24868,0,0,0,1,0,0,0,0,0
0,3,1,1,0,6.7,-37.21024,-79.14334,0,0,0,1,1,0,0,0,0
0,1,3,14,1,7.3,11.72596,-121.12486,1,0,0,1,0,1,0,0,0
1,5,4,3,1,3.8,-33.99253,61.43962,1,0,0,1,1,0,0,1,0
1,3,5,2,0,2.9,44.82965,112.74676,0,1,1,0,1,0,0,0,1
0,2,1,19,0,7.7,-65.0339,-23.01999,1,0,0,1,1,0,0,0,0
0,5,3,11,0,3.7,51.10803,70.3727,1,0,0,1,0,0,0,0,1
1,2,1,5,1,5.7,7.69529,-161.03923,1,0,1,0,0,1,0,1,0
0,4,5,20,1,6.5,51.45397,131.31524,0,1,1,0,0,0,0,1,0
0,2,5,9,0,3.9,36.90783,-127.41388,0,1,1,0,1,0,1,0,0
1,4,3,4,0,5.7,1.86376,-136.25309,0,1,0,1,0,0,1,0,0
0,2,1,5,1,7.0,61.0357,49.75488,0,1,1,0,0,1,1,0,0
0,4,4,10,1,3.7,-13.69981,-66.23994,1,0,1,0,1,0,0,0,0
0,5,3,10,0,8.3,36.32977,-132.72596,0,1,1,0,0,0,0,0,0
1,2,2,9,1,4.3,-15.09676,66.21299,1,0,0,0,0,1,0,0,1
1,1,2,4,1,4.1,35.3307,103.15401,1,0,1,0,0,1,0,1,0
0,3,3,5,1,3.2,89.1159,116.39847,0,1,1,0,1,0,0,0,1
1,5,3,4,1,5.0,-52.12379,-86.7919,0,1,1,0,0,1,1,0,0
0,2,4,10,0,5.2,-56.60944,-129.81164,0,0,0,1,0,0,0,0,1
0,3,5,4,1,3.2,72.05941,102.03442,0,1,0,1,1,0,1,0,0
1,5,3,19,0,6.9,25.38513,-83.66549,1,0,1,0,0,0,1,0,0
1,4,3,13,1,7.1,66.12353,89.55318,0,1,1,0,1,0,0,0,0
0,4,5,2,0,6.7,-71.14122,-158.90471,0,0,0,1,0,1,1,0,0
1,1,5,17,0,5.8,-10.1847,37.60669,0,0,0,0,0,1,0,0,1
0,5,2,19,0,7.7,-33.08677,-64.39941,0,0,0,0,0,1,0,0,0
0,4,2,3,0,4.6,-67.15137,-93.30988,1,0,0,0,0,0,0,0,1
1,1,1,11,0,3.4,31.52272,2.74146,0,1,0,1,1,0,1,0,0
1,3,1,18,0,6.8,-75.5669,-56.93747,0,0,0,0,0,1,0,1,0
1,2,3,16,1,5.0,-86.8135,-63.02954,0,1,1,0,1,0,1,0,0
0,4,5,14,1,6.5,89.13575,-148.77188,0,0,0,0,0,1,0,0,1
0,4,3,2,1,5.2,38.91406,-159.42338,1,0,1,0,1,0,0,0,0
0,3,5,20,0,7.2,78.07497,174.56294,0,1,1,0,0,0,0,1,0
1,2,3,18,0,4.2,47.12719,114.21019,1,0,1,0,0,1,0,0,1
1,1,5,17,0,9.8,-62.76641,-16.34901,0,0,0,1,0,0,0,1,0
1,5,3,18,0,5.8,-63.54151,-74.29934,1,0,0,1,1,0,0,0,0
1,3,3,20,0,6.9,10.7619,-57.0583,0,1,0,1,0,0,1,0,0
1,1,3,7,1,4.8,-35.31359,-107.98383,0,1,0,0,0,1,0,0,1
0,5,4,18,1,5.0,-54.36243,-164.53378,0,0,0,1,1,0,0,1,0
0,2,4,3,0,3.1,84.68704,-108.34335,1,0,1,0,1,0,0,1,0
0,4,1,10,1,5.8,68.22272,-44.68467,0,0,0,0,0,1,0,0,1
0,3,3,16,1,6.6,9.0648,69.10517,0,0,1,0,0,1,1,0,0
0,4,3,4,0,5.9,-49.0887,-72.17671,0,1,1,0,0,0,1,0,0
1,1,4,13,1,4.8,-16.86632,-154.63657,1,0,1,0,1,0,0,1,0
1,3,1,15,1,5.6,34.25592,53.03802,1,0,1,0,0,1,0,0,1
0,1,1,6,0,3.3,64.02008,178.8476,1,0,1,0,1,0,1,0,0
0,3,4,19,1,9.7,80.97138,-141.03512,0,0,0,0,0,0,0,0,0
1,2,4,15,0,6.7,-42.61049,122.4484,0,1,0,0,0,0,1,0,0
1,5,5,11,1,4.6,-11.56608,119.72485,0,1,0,0,0,1,1,0,0
0,3,2,3,1,6.6,-19.90042,70.60765,0,0,1,0,0,0,0,0,1
0,1,3,7,0,5.1,-18.94482,-90.39684,1,0,1,0,0,0,1,0,0
1,3,2,4,1,4.5,89.91448,-74.46236,1,0,1,0,1,0,0,1,0
0,2,4,20,1,10.0,36.45665,-19.53235,0,0,0,1,1,0,0,0,0
0,5,5,3,0,5.2,83.34548,-170.32297,1,0,1,0,0,0,0,0,0
0,1,3,19,1,6.3,-75.05109,-140.59231,0,0,1,0,1,0,0,0,1
1,2,2,2,1,4.1,-50.51362,46.14925,0,0,0,1,0,0,0,0,1
1,5,2,4,1,6.7,27.75406,-118.25583,0,0,0,0,0,0,1,0,0
1,2,4,20,0,8.3,29.60249,-150.33326,0,1,0,0,0,0,0,0,0
1,3,2,11,1,8.5,-77.3478,8.08416,0,0,1,0,0,0,0,1,0
0,2,2,12,0,4.9,-36.10669,-2.69654,1,0,0,0,1,0,1,0,0
1,2,3,7,0,5.4,56.27651,-179.29553,0,1,0,1,1,0,0,0,0
1,3,2,7,0,6.1,-20.81138,-113.4355,0,1,1,0,1,0,0,1,0
0,2,2,18,0,9.0,7.21526,145.9093,0,0,0,0,0,0,0,0,0
0,2,1,5,0,7.3,-65.41589,-27.78581,0,1,1,0,0,0,0,1,0
0,3,2,12,1,4.1,-13.72814,-149.80194,1,0,1,0,1,0,1,0,0
1,1,1,11,1,6.3,-74.37939,106.91719,0,0,0,1,1,0,1,0,0
1,5,4,18,1,5.2,-22.32054,-107.80398,0,0,0,0,1,0,1,0,0
0,5,3,7,0,6.1,29.53621,-157.48358,0,1,0,0,0,0,0,0,0
0,4,1,3,1,4.5,-31.16082,109.34068,1,0,0,0,1,0,0,1,0
1,3,5,12,0,4.6,-15.15635,-83.49054,1,0,0,0,1,0,0,0,0
0,3,5,16,1,9.6,11.65785,175.06198,0,0,1,0,0,0,0,0,0
1,3,2,7,0,2.9,54.60046,2.96706,0,1,0,0,1,0,0,0,1
0,2,4,7,0,6.1,-33.52213,49.14657,0,1,1,0,1,0,0,0,0
1,4,3,20,0,9.4,-89.92242,-3.82499,0,1,0,0,1,0,0,1,0
1,5,4,10,1,5.8,-22.84035,58.74725,1,0,1,0,0,1,0,0,0
1,4,5,14,0,7.1,-11.53716,25.33502,0,1,1,0,0,1,0,1,0
0,1,5,4,1,4.4,-88.04635,-82.68648,1,0,0,1,0,0,1,0,0
1,2,1,20,1,3.8,27.23163,82.4935,1,0,0,1,0,1,0,0,1
0,3,1,17,1,6.1,-67.42072,147.68249,0,0,1,0,0,1,0,0,1
1,2,1,9,0,3.7,-78.79992,57.36282,1,0,0,0,0,1,1,0,0
1,2,5,11,0,6.9,-40.47157,46.9977,0,1,1,0,0,1,1,0,0
0,4,3,3,1,5.3,-33.55179,-170.89174,1,0,0,1,0,1,0,0,0
1,4,1,9,1,4.3,-53.38261,-6.40736,1,0,0,0,0,1,0,0,1
0,1,1,9,1,6.9,-4.69274,-24.79053,0,0,0,0,1,0,0,1,0
1,3,4,13,1,8.9,-36.69721,80.34201,0,0,0,1,0,0,0,1,0
0,2,3,5,0,9.3,41.8113,165.01164,0,0,1,0,0,0,0,0,0
1,1,3,9,1,9.6,-36.28191,38.28685,0,0,0,1,0,1,0,0,0
0,3,4,9,0,3.8,-75.29121,89.43713,0,1,0,0,0,1,0,0,1
1,1,4,18,0,7.4,-50.04463,-56.46075,1,0,0,0,0,1,0,0,0
1,2,4,9,0,6.5,-2.13454,36.57325,1,0,0,0,0,1,0,0,0
1,3,4,12,0,5.9,-65.9265,-118.75345,0,1,0,1,1,0,0,1,0
1,3,5,12,1,6.1,-1.58181,-129.10434,0,0,0,0,1,0,0,0,0
1,5,2,20,1,7.1,47.9268,28.87585,0,0,0,0,0,0,0,0,1
0,4,3,5,1,8.3,-84.15617,162.38103,0,0,1,0,1,0,0,0,0
1,4,1,3,1,4.8,-22.53246,-65.56434,0,0,0,0,0,1,1,0,0
0,3,1,17,1,7.5,-35.26389,-158.73203,1,0,0,0,0,0,0,0,1
0,3,5,9,0,8.1,-81.54087,58.76882,1,0,1,0,0,0,0,1,0
0,1,3,15,1,7.1,-13.03885,78.16463,1,0,1,0,0,0,0,0,0
1,2,3,12,1,3.8,-24.65646,-16.21563,1,0,0,1,1,0,1,0,0
0,5,5,3,0,6.0,-8.13349,-168.10103,0,0,0,0,1,0,0,0,0
0,4,1,20,0,7.0,-4.17973,-88.38534,0,0,0,1,0,1,1,0,0
1,5,4,7,0,3.9,-41.21359,-68.84843,0,0,0,1,1,0,0,1,0
1,4,1,7,0,3.3,46.49881,-178.31623,1,0,1,0,0,1,0,0,1
1,1,1,7,1,5.5,-36.57477,-31.91244,0,1,0,0,1,0,0,1,0
0,5,5,7,1,4.5,22.68793,10.28869,1,0,0,0,0,0,1,0,0
0,5,1,8,0,5.9,78.42052,-67.05357,0,0,0,0,0,0,1,0,0
1,3,1,12,1,5.8,-78.23328,159.03791,0,1,0,1,0,1,0,1,0
1,3,3,6,0,6.4,4.71328,-52.34154,0,1,0,0,0,0,1,0,0
0,2,1,12,1,9.1,29.36813,37.12996,1,0,0,1,0,0,0,0,0
1,5,1,7,1,4.7,66.87201,64.01208,0,1,1,0,0,1,0,0,1
1,4,2,13,1,3.8,-17.43015,-69.25541,1,0,0,0,0,0,0,0,1
1,2,2,13,1,6.7,28.01415,16.39509,0,1,0,1,0,1,0,0,0
1,1,5,9,0,4.9,-58.75609,157.97977,1,0,1,0,0,1,0,0,0
1,5,2,1,0,5.5,-65.88472,-178.40986,0,0,0,1,0,0,0,1,0
1,3,1,8,0,4.1,16.60101,151.7838,0,1,1,0,1,0,1,0,0
1,2,1,3,0,6.3,-17.40411,20.16497,0,0,1,0,0,0,0,0,1
1,1,1,15,1,5.7,6.16046,-134.67667,0,1,0,1,0,1,0,0,1
0,3,5,3,1,8.4,-48.7858,31.83962,0,0,1,0,0,0,1,0,0
1,1,4,2,0,7.0,12.19953,174.32616,0,1,0,1,0,1,0,1,0
0,4,1,20,1,5.3,83.08322,10.54826,1,0,1,0,0,0,0,0,1
1,5,4,9,1,5.3,-8.48109,132.84988,1,0,1,0,0,0,0,0,1
0,1,2,3,0,4.1,-31.85191,-28.95369,0,1,0,1,0,0,0,0,1
1,3,1,17,0,5.3,-33.98702,70.10283,0,1,0,0,0,0,0,0,1
1,5,5,7,0,4.1,-15.16361,-61.8656,0,1,1,0,0,1,1,0,0
1,5,4,19,1,8.2,39.27235,-30.78569,0,0,1,0,0,0,0,0,1
1,5,3,15,0,5.6,46.61606,-149.05405,0,0,1,0,1,0,1,0,0
1,4,5,6,0,1.2,-87.39559,-86.22109,1,0,0,1,1,0,0,0,1
0,1,2,14,1,7.6,32.71642,-160.54733,0,1,1,0,1,0,0,0,0
0,2,1,2,1,4.7,-57.80709,-85.70884,0,0,0,1,0,0,1,0,0
1,1,1,2,1,4.4,-58.30265,165.79739,0,0,1,0,1,0,0,1,0
0,2,1,10,0,4.8,-88.07688,-89.67029,1,0,0,0,0,1,0,1,0
1,5,3,10,1,8.1,72.14212,-71.13327,0,1,0,0,0,0,0,0,0
0,1,1,6,0,3.7,8.27745,60.96313,1,0,0,0,1,0,0,0,0
0,4,4,3,1,5.6,-55.28381,19.91288,1,0,1,0,0,1,0,0,0
1,4,1,9,0,3.9,23.25342,-102.64877,0,1,0,1,0,0,0,0,1
0,3,5,19,1,4.3,88.33713,154.39004,1,0,1,0,0,1,0,0,1
0,5,4,7,1,7.3,-78.21988,-103.01865,0,0,0,1,0,1,0,0,1
0,3,2,12,1,5.3,-44.0032,153.56506,1,0,1,0,1,0,1,0,0
1,4,2,4,0,7.1,-72.24985,43.4035,0,0,1,0,1,0,0,1,0
0,2,2,15,1,4.0,79.27332,29.60581,1,0,0,0,1,0,0,0,1
0,5,2,9,1,3.7,-51.07613,-141.78492,0,1,0,1,1,0,1,0,0
0,3,1,19,1,8.1,-11.19593,-8.13147,0,1,1,0,0,1,1,0,0
1,1,4,18,0,10.0,63.18576,68.67047,0,0,1,0,1,0,0,1,0
0,1,5,20,0,10.0,-44.91847,100.67635,0,0,0,0,0,0,0,0,0
0,1,5,17,1,5.6,16.18478,-138.20891,1,0,1,0,1,0,0,1,0
1,4,3,2,1,4.8,-36.33497,46.1742,0,1,0,1,0,1,0,0,0
0,1,2,12,1,6.6,43.61239,64.89255,0,0,1,0,0,0,0,1,0
0,5,2,7,0,7.0,22.30882,-38.73282,0,0,0,0,0,1,0,0,0
0,3,2,17,0,8.9,-65.19993,-145.84334,0,1,0,1,0,0,0,0,0
1,4,5,6,1,5.9,-30.16638,11.92775,1,0,0,1,0,0,0,0,0
0,1,5,9,0,5.2,-16.56214,3.82343,1,0,1,0,1,0,0,1,0
1,4,3,18,1,5.8,-78.16146,71.45464,0,1,0,1,0,1,1,0,0
1,2,3,11,0,3.4,-11.22331,6.09893,0,1,0,0,1,0,0,0,1
0,4,5,6,1,3.7,45.26345,-101.55575,1,0,0,1,0,1,0,0,0
1,2,5,1,0,4.1,-84.11869,-51.83107,0,1,1,0,0,0,0,0,1
1,1,3,13,0,8.4,28.30673,-141.52827,0,0,0,0,0,1,0,1,0
0,3,5,2,0,5.6,-10.02819,-27.57699,0,0,0,1,0,1,0,0,0
0,1,2,18,0,10.0,-33.69848,172.45733,0,1,1,0,0,0,0,0,0
1,3,1,18,1,8.3,49.32529,144.58104,1,0,1,0,1,0,0,0,0
0,2,1,5,1,8.1,87.81029,32.99148,0,0,1,0,0,1,0,0,0
0,3,2,6,1,8.7,78.01703,149.08505,0,0,0,0,0,0,0,0,0
1,2,5,1,0,2.1,-85.5447,165.04111,1,0,0,1,0,1,0,0,1
0,2,4,2,1,5.6,17.16548,-9.95121,0,0,0,1,0,0,0,0,1
0,2,4,17,1,7.6,5.29662,71.23721,0,0,0,1,0,1,0,1,0
0,1,1,6,1,4.3,72.60618,99.02422,1,0,0,0,1,0,1,0,0
1,1,3,16,1,10.0,20.23599,22.78193,0,0,0,0,0,0,0,1,0
1,3,3,19,1,9.5,-25.75148,-64.58382,0,0,0,0,0,1,0,1,0
1,1,5,2,1,3.1,83.50588,-145.95039,1,0,1,0,1,0,0,0,1
0,3,2,15,1,4.7,-68.58858,-108.44581,0,1,0,1,1,0,1,0,0
1,5,3,4,0,5.0,28.21346,-61.32803,0,1,0,0,0,0,0,1,0
1,5,1,6,0,6.3,-53.05767,-96.96352,0,1,0,0,0,0,0,1,0
0,5,3,6,0,4.3,4.03917,176.88562,1,0,0,1,0,0,1,0,0
0,2,4,6,0,8.0,35.93173,-78.93692,0,0,1,0,1,0,0,1,0
0,4,1,2,0,1.6,-76.5654,57.56974,1,0,0,1,1,0,0,0,1
1,1,3,8,1,7.0,78.33906,-85.01318,0,1,1,0,0,1,1,0,0
1,2,4,10,0,5.1,-55.74357,76.21086,0,0,0,0,1,0,1,0,0
0,4,1,8,1,2.5,-2.96696,34.07644,1,0,1,0,1,0,1,0,0
0,4,5,14,1,5.6,54.6969,-5.39506,1,0,1,0,1,0,0,1,0
1,5,2,10,0,2.9,-82.58764,1.63228,1,0,0,1,0,1,1,0,0
1,4,5,3,1,3.0,61.48068,14.30131,1,0,0,1,0,1,0,1,0
0,3,3,9,0,6.0,-36.32769,-147.30451,0,0,1,0,0,1,1,0,0
0,2,3,8,1,2.5,-59.74737,61.0693,0,1,0,1,1,0,0,0,1
1,1,1,19,1,8.5,14.39985,133.23285,0,1,1,0,0,1,1,0,0
0,1,3,19,1,8.2,80.69388,-154.41728,0,1,0,0,0,1,1,0,0
1,4,4,9,1,9.8,74.13023,-88.43264,0,1,0,0,0,0,1,0,0
0,1,4,18,1,4.4,-76.319,94.38177,0,1,0,1,1,0,0,0,1
1,2,2,5,1,5.0,-21.5624,167.22469,0,0,0,0,0,1,0,0,1
1,5,2,12,1,7.9,-48.03131,-60.40406,1,0,1,0,0,0,0,0,1
1,2,5,4,0,6.0,34.64665,134.28466,0,1,0,1,0,1,0,1,0
0,2,3,20,0,5.8,-47.26636,-64.8414,1,0,1,0,0,0,0,0,1
1,5,5,14,0,6.9,33.35333,171.22796,0,0,1,0,0,1,0,0,0
1,1,5,5,0,3.8,-49.00068,43.74216,0,1,0,1,0,0,0,0,1
0,5,3,3,1,8.8,34.94911,130.77025,0,0,1,0,0,0,0,0,0
1,2,5,11,0,5.7,2.50296,-129.85453,0,1,0,0,1,0,0,1,0
1,1,3,12,1,3.1,-88.0666,-58.25424,1,0,0,1,0,1,0,0,1
1,4,2,15,1,5.9,-72.62311,-13.63947,0,1,1,0,0,1,0,0,1
1,5,2,6,0,3.8,-33.07084,-73.47253,1,0,0,1,1,0,0,0,0
0,3,5,15,0,3.7,28.12117,103.15117,1,0,0,0,0,1,1,0,0
1,4,1,2,1,5.7,24.93527,-122.52048,0,0,0,0,0,1,0,0,0
0,5,3,4,0,3.7,-55.89139,-110.91175,1,0,0,1,0,1,0,0,0
0,4,4,13,1,3.2,56.6025,123.80741,1,0,1,0,1,0,0,0,1
1,5,5,10,0,10.0,-23.22401,-49.40913,0,0,0,0,0,1,0,0,0
1,5,4,5,0,3.4,24.90989,139.58067,0,0,0,1,1,0,0,0,1
1,3,3,10,0,6.5,-10.32414,58.16688,0,1,0,1,0,0,1,0,0
0,1,3,9,0,10.0,-23.94914,78.95561,0,1,1,0,0,1,0,0,0
0,4,2,11,0,6.7,-25.10863,-70.35194,1,0,1,0,1,0,0,0,0
1,3,4,19,1,9.6,82.4218,-27.8167,0,0,1,0,0,0,0,1,0
1,5,5,9,0,5.9,-87.33111,20.86044,0,1,1,0,0,1,1,0,0
1,1,4,16,0,9.5,43.80815,-27.53796,0,0,0,1,0,1,0,1,0
0,5,4,13,0,4.4,8.62246,30.82378,1,0,1,0,0,1,0,0,1
0,4,5,20,1,4.0,54.52393,-108.1146,0,0,0,0,0,1,0,0,1
0,2,4,8,0,5.9,3.1103,-36.50588,0,1,0,1,0,1,0,1,0
0,1,4,5,1,8.1,-50.35619,-132.41039,0,0,1,0,0,0,0,0,1
1,4,4,15,1,7.4,-70.48424,-49.11157,0,1,0,1,1,0,0,0,0
0,4,1,20,1,4.8,-66.57823,-39.37149,1,0,0,0,0,0,1,0,0
1,3,3,1,0,3.6,58.96812,40.82787,1,0,0,0,1,0,0,1,0
0,2,1,7,1,8.1,81.04194,-6.61873,0,1,0,0,0,1,0,0,1
0,2,2,9,1,5.8,-10.6002,134.17787,0,0,0,1,1,0,1,0,0
0,3,3,9,1,5.9,41.2495,-3.34196,0,0,0,0,0,0,1,0,0
1,4,1,19,1,9.1,-36.6822,-167.86915,1,0,0,0,0,0,0,0,0
1,4,4,20,0,9.2,44.10375,-14.44372,0,0,0,0,0,1,0,1,0
0,1,2,4,0,8.3,-50.35547,-31.85279,0,0,1,0,1,0,0,0,0
1,2,1,17,0,6.9,76.00001,153.59243,0,0,1,0,1,0,1,0,0
1,2,5,18,0,8.4,8.04756,21.53844,0,0,1,0,1,0,1,0,0
1,5,1,17,0,6.6,7.53108,-58.56533,0,1,1,0,0,0,0,0,1
1,1,1,1,0,6.8,38.42296,115.53287,0,0,0,1,0,1,0,1,0
1,1,4,3,1,2.6,64.78016,3.98971,1,0,0,1,1,0,1,0,0
1,2,4,14,0,7.1,-45.65395,109.14714,0,0,0,1,0,0,0,1,0
0,3,1,18,1,5.6,28.48088,-156.95597,1,0,1,0,1,0,0,0,1
0,4,3,11,0,4.1,78.4962,-105.14188,1,0,0,0,1,0,1,0,0
1,1,3,10,1,7.5,15.32737,-59.67475,0,0,1,0,0,1,1,0,0
0,5,2,4,1,3.8,86.76219,-99.55044,0,1,0,1,0,0,0,0,1
0,4,5,12,1,8.1,-27.78891,-30.20383,0,1,0,0,1,0,0,1,0
0,3,1,19,0,9.5,49.9923,125.30401,0,1,0,1,1,0,0,0,0
1,3,1,16,0,7.2,54.2281,171.50646,0,1,1,0,0,0,0,0,0
0,2,2,14,0,7.6,-15.43921,-94.51849,0,0,0,1,0,1,0,1,0
0,4,3,1,0,3.6,6.46552,-138.85471,1,0,0,0,0,0,1,0,0
0,2,5,20,0,6.0,76.53551,-158.02874,1,0,0,1,0,1,0,0,1
0,2,4,18,1,6.0,-1.8327,-43.27557,1,0,1,0,0,1,1,0,0
0,5,1,1,1,6.5,-1.21256,146.99393,0,0,1,0,0,1,0,1,0
0,2,2,1,1,7.3,34.90448,53.06079,0,0,0,1,0,1,0,1,0
1,5,4,12,0,5.8,77.14419,-79.72514,0,1,0,0,1,0,0,1,0
1,5,1,13,1,4.6,41.91361,-68.81984,1,0,0,1,0,0,0,0,1
1,5,5,17,0,7.2,-35.44951,126.77849,1,0,0,0,0,1,0,0,0
1,5,3,9,1,6.1,-80.39892,-97.21116,0,1,1,0,0,1,1,0,0
1,4,5,14,1,6.0,-46.72068,-137.13236,0,1,1,0,1,0,1,0,0
0,2,4,8,0,5.9,-25.57028,79.59855,0,1,1,0,0,0,1,0,0
0,1,5,9,0,5.9,54.60272,-131.62911,0,1,0,1,0,0,0,0,1
0,1,2,17,0,8.4,19.2704,-148.76109,1,0,1,0,0,1,0,0,0
1,4,3,5,0,7.7,-11.53337,-174.15574,0,0,0,0,0,0,0,0,0
0,2,4,14,1,6.8,-87.07463,-31.1286,0,1,1,0,0,1,0,0,0
1,2,4,19,1,4.5,7.96215,-93.04461,0,1,0,1,1,0,1,0,0
0,3,5,3,1,4.3,-43.24396,117.62112,0,1,0,1,0,0,0,1,0
1,5,1,15,0,4.4,71.77758,-59.90092,0,1,0,0,1,0,0,0,1
1,4,5,8,1,5.5,3.86808,6.43648,0,0,0,0,1,0,1,0,0
1,3,5,8,1,3.9,-77.71737,-2.59808,1,0,0,0,1,0,0,0,0
1,1,2,16,0,5.2,-79.82568,-66.62916,1,0,0,1,1,0,0,0,0
0,5,5,5,0,5.1,-68.50417,139.10245,0,1,1,0,0,0,0,1,0
1,1,3,18,0,6.7,-47.90267,-150.57628,1,0,0,0,0,0,0,1,0
0,5,5,13,1,9.6,61.89385,4.85946,0,1,1,0,0,0,0,0,0
0,5,2,15,1,6.4,-43.94664,105.36146,0,1,0,0,1,0,0,1,0
1,5,3,6,1,8.9,-37.14024,-112.58539,0,0,0,1,0,1,0,0,0
0,4,1,13,0,6.5,-26.68421,162.09645,0,1,1,0,1,0,1,0,0
1,3,5,1,1,6.2,-86.95376,-47.58724,0,0,0,1,0,0,0,0,1
1,2,4,8,1,7.1,-7.11548,155.5087,0,0,0,0,0,1,0,1,0
1,1,1,9,0,4.8,5.3796,-171.68418,1,0,1,0,0,1,0,0,0
1,2,1,15,1,7.3,-74.9821,-101.28332,1,0,0,0,1,0,0,0,0
1,2,1,9,1,7.8,73.33833,98.74715,0,1,0,0,0,0,0,0,0
1,4,4,3,0,6.4,-29.00207,174.66261,1,0,1,0,0,1,0,0,0
1,5,5,18,1,7.5,46.67799,-46.02858,1,0,0,0,0,1,0,1,0
0,1,3,5,1,4.6,-22.30231,-108.26299,1,0,1,0,0,1,1,0,0
0,2,3,11,1,10.0,23.43736,169.06062,0,1,0,0,0,0,1,0,0
0,1,2,11,0,5.2,79.78933,132.9755,1,0,1,0,1,0,0,1,0
1,4,4,18,1,7.6,-31.3286,-49.1954,0,0,1,0,1,0,1,0,0
1,4,2,9,1,5.9,-57.76313,87.46962,1,0,1,0,1,0,0,1,0
0,4,4,12,1,5.0,35.96443,-132.26664,0,1,1,0,0,0,0,0,1
0,2,1,8,1,4.4,-25.37626,152.42855,0,1,0,1,0,1,0,0,1
0,2,2,12,1,8.2,-66.0957,71.89531,0,0,0,1,0,0,0,1,0
1,4,3,1,1,2.9,65.65881,168.21247,1,0,1,0,1,0,1,0,0
1,3,2,10,1,6.7,-47.52958,-24.5281,0,0,1,0,0,0,1,0,0
0,4,2,6,1,2.4,-45.00009,121.34159,1,0,0,1,0,1,1,0,0
0,5,4,4,1,6.6,-87.55642,45.17113,0,1,1,0,0,0,0,0,0
1,5,3,16,1,4.8,-37.11958,136.06125,1,0,1,0,1,0,1,0,0
0,3,1,4,0,5.1,52.07887,-25.69707,0,1,0,1,0,0,1,0,0
1,4,4,20,1,10.0,62.23784,-60.59621,0,1,1,0,0,0,0,0,0
1,3,3,20,1,8.0,-10.81649,31.66873,0,0,0,0,1,0,0,0,0
1,3,3,5,0,1.9,-10.47942,104.11785,0,1,0,1,1,0,0,0,1
0,5,2,4,0,7.2,89.90965,5.01649,0,0,0,0,1,0,0,0,0
1,2,1,5,1,8.1,63.13224,74.12251,0,0,0,0,0,1,0,0,0
1,1,4,20,0,6.3,24.81743,-68.34283,0,0,0,0,1,0,0,0,1
0,3,4,9,0,4.1,20.86757,108.90701,0,1,1,0,0,1,1,0,0
1,1,2,8,1,5.0,-65.56796,54.38793,0,1,0,1,0,1,1,0,0
1,1,3,10,1,4.7,-61.6567,-129.32132,0,1,1,0,0,1,0,0,1
0,3,1,7,1,5.4,61.38267,-75.63347,0,0,1,0,1,0,0,0,1
1,5,2,8,1,2.4,-55.58557,151.91542,0,1,0,1,1,0,0,0,1
0,5,3,18,1,5.7,-1.82611,141.97312,1,0,1,0,0,0,1,0,0
0,3,3,12,1,10.0,28.12735,113.84373,0,0,0,0,0,0,1,0,0
0,3,1,2,0,10.0,-80.08204,-24.51136,0,1,0,0,0,1,0,0,0
1,3,5,15,0,7.9,-23.15929,23.84434,0,1,1,0,0,1,0,0,0
0,2,1,4,0,5.1,69.93157,-68.89187,0,1,0,0,0,0,0,1,0
0,3,5,20,1,9.2,-20.01268,-33.35838,0,0,1,0,0,0,0,0,0
0,5,2,19,1,8.4,13.61351,40.32938,1,0,0,0,0,1,0,0,0
0,2,3,11,1,6.0,48.17167,10.70866,0,0,0,1,0,0,0,0,0
1,3,1,16,0,6.5,0.03126,-120.89653,1,0,1,0,0,1,0,0,0
0,2,1,6,1,4.3,77.78033,84.58528,1,0,1,0,1,0,1,0,0
0,2,1,6,1,5.1,89.49659,-156.21086,0,1,1,0,0,1,0,0,0
1,5,3,15,0,7.7,-20.1036,-47.77826,0,0,1,0,1,0,0,1,0
1,3,4,1,0,4.2,65.48615,-144.16355,1,0,0,1,1,0,0,0,0
0,2,3,16,1,7.2,24.52933,15.76542,0,1,0,1,0,0,0,0,0
1,3,2,16,1,8.9,50.15403,-106.90045,1,0,1,0,0,0,0,1,0
0,3,4,20,1,6.1,-23.54146,-150.13548,0,1,0,0,0,1,0,0,1
1,1,5,4,1,2.5,36.48228,43.70851,0,0,0,1,1,0,0,0,1
1,1,5,16,0,6.8,50.36688,94.99907,0,1,0,1,1,0,0,1,0
1,2,1,19,0,5.0,-82.17291,-53.79653,0,1,1,0,1,0,0,0,1
1,4,5,16,0,4.9,-10.43299,9.39877,0,1,0,1,0,0,0,0,1
0,2,2,5,1,3.3,43.66371,-39.54385,1,0,0,0,1,0,0,0,1
1,2,2,15,0,4.2,55.58718,-63.07746,0,0,0,1,0,1,1,0,0
0,4,4,20,0,7.3,61.79131,-19.58046,0,1,1,0,0,1,0,1,0
1,3,1,17,1,6.2,-39.6556,-162.01843,1,0,0,1,1,0,0,0,0
1,3,5,12,0,8.5,-67.79808,119.29065,0,0,1,0,0,0,0,1,0
1,3,1,19,0,10.0,83.42581,-25.71771,0,1,0,0,0,1,0,0,0
0,2,2,18,1,8.7,18.87271,-22.14186,1,0,1,0,0,0,1,0,0
0,1,2,3,1,5.4,-0.93342,71.38359,1,0,1,0,0,1,0,1,0
1,1,3,17,1,5.2,21.7025,128.45531,0,0,0,1,0,1,0,1,0
0,5,4,6,0,3.2,-17.39701,13.64643,0,0,0,1,0,0,0,0,1
0,4,2,17,0,4.3,-30.29988,14.48972,1,0,1,0,1,0,1,0,0
1,3,5,10,0,5.0,37.86869,-62.33879,0,0,0,1,0,0,1,0,0
0,2,1,9,1,4.0,-26.46867,119.14246,1,0,0,1,1,0,0,1,0
0,5,2,1,1,3.5,8.41964,-101.96404,1,0,0,0,1,0,0,1,0
1,3,5,4,0,3.1,-59.79937,-32.10212,1,0,1,0,0,1,0,0,1
0,5,4,6,0,4.4,8.87687,172.37124,0,1,0,0,1,0,0,1,0
1,5,2,8,0,4.7,-79.3314,121.72528,0,0,1,0,1,0,0,1,0
0,1,4,6,0,6.2,-81.40242,155.37606,1,0,0,0,0,0,0,0,0
0,3,2,17,0,10.0,-51.58507,91.82505,0,0,0,1,0,0,0,0,1
1,5,2,15,0,5.8,16.63747,136.67281,0,0,0,1,0,0,0,0,1
0,5,3,9,0,5.8,12.32093,-0.10074,0,1,0,1,0,0,0,0,0
1,1,5,7,1,4.6,-40.30628,8.00681,1,0,0,1,0,0,1,0,0
0,4,4,19,0,3.4,-59.07768,178.10303,1,0,0,1,1,0,0,0,1
0,3,5,4,1,6.3,-55.35313,-4.71786,0,0,0,0,0,1,0,0,0
1,1,2,7,0,6.7,54.84143,43.66593,0,0,0,1,0,1,0,0,0
0,5,5,15,0,7.8,-16.08052,-65.65247,0,0,0,1,0,0,0,0,0
1,4,1,9,1,5.5,-28.77848,-120.13983,0,0,0,1,0,1,0,0,1
0,5,4,8,1,5.0,-70.74939,-100.01994,0,0,0,0,0,1,0,0,1
1,3,5,1,1,4.1,-34.16423,-104.32662,0,0,0,1,0,1,1,0,0
1,4,5,13,1,4.2,-67.69885,74.98875,1,0,0,0,0,1,1,0,0
0,3,4,20,0,8.2,11.73454,-41.14144,0,0,0,0,0,0,0,1,0
0,1,3,19,0,10.0,-6.54608,18.63103,0,0,1,0,0,0,0,0,0
1,2,1,8,0,8.5,-70.15534,22.2894,0,1,0,0,0,0,1,0,0
1,2,1,1,0,3.3,61.07064,-71.64357,1,0,0,0,0,0,0,0,1
1,1,4,11,1,4.4,44.68261,87.51113,0,1,0,0,1,0,0,0,1
1,2,5,9,1,4.3,-66.09599,26.05328,0,0,0,1,0,1,0,0,1
1,4,5,5,0,3.9,79.00777,-160.83643,1,0,1,0,0,0,0,0,1
1,4,1,14,0,4.3,10.52736,-160.26254,0,1,0,1,0,0,0,0,1
0,3,4,18,0,6.9,-43.29678,77.25147,1,0,0,1,0,0,0,0,1
1,2,3,6,0,4.9,62.13578,169.79918,1,0,1,0,0,1,0,0,0
1,2,5,7,0,6.6,63.19134,-76.38748,0,1,0,0,0,1,1,0,0
1,2,5,17,0,4.9,54.56296,-157.44696,0,0,0,1,1,0,0,1,0
0,4,2,20,1,5.2,-36.25612,-163.01648,1,0,1,0,1,0,0,1,0
0,3,4,6,0,3.8,-70.86937,46.77569,0,1,1,0,0,0,0,0,1
1,3,5,10,0,3.7,-65.96732,-95.23168,1,0,0,0,0,1,1,0,0
1,5,3,11,1,8.1,68.52171,99.8328,0,1,0,1,0,1,0,0,0
0,3,4,6,0,4.9,-35.34606,75.11517,0,1,0,1,0,1,0,1,0
0,2,4,9,1,4.3,-12.92028,-48.31966,0,1,1,0,1,0,1,0,0
1,3,3,1,1,4.8,-31.46033,90.67481,0,0,0,1,0,0,1,0,0
0,3,2,16,0,4.0,31.27425,23.7818,0,0,0,0,1,0,0,0,1
1,2,1,2,1,6.0,-74.96585,-176.33779,0,0,0,1,0,1,1,0,0
0,1,1,8,1,10.0,71.531,87.24806,0,1,1,0,1,0,0,0,0
0,2,4,6,0,9.7,-61.05355,112.6423,0,1,0,0,0,0,0,0,0
0,4,4,15,0,5.8,46.86489,-29.55363,1,0,1,0,0,1,0,0,0
1,4,2,5,1,6.4,0.40339,-92.08119,0,1,1,0,0,0,0,1,0
0,2,4,6,0,7.4,-27.68555,-70.99466,0,1,0,0,0,1,0,0,0
1,4,4,13,1,5.8,-23.65509,-109.69857,1,0,0,0,0,0,0,0,0
1,4,5,3,1,5.6,12.833,133.68134,1,0,0,1,0,1,0,0,0
1,4,1,3,1,4.0,17.72905,-168.76912,1,0,0,0,1,0,0,1,0
1,3,2,15,0,10.0,58.37855,138.90501,0,0,1,0,1,0,0,0,0
1,4,4,8,1,4.9,-80.57486,174.66016,0,0,0,1,0,1,0,0,1
1,3,1,9,1,8.9,68.32305,60.20667,0,0,1,0,0,0,0,0,0
1,5,4,7,0,5.8,24.5103,-81.67156,0,1,1,0,0,0,1,0,0
1,1,4,3,1,5.7,2.51258,91.97304,0,1,0,1,0,0,0,1,0
0,3,2,4,0,10.0,73.8065,119.03363,0,0,1,0,0,0,0,0,1
1,2,1,12,1,7.6,-51.88982,86.08746,0,1,1,0,0,0,0,0,1
1,5,3,16,1,4.9,5.24103,25.95185,0,1,1,0,1,0,1,0,0
1,4,4,7,1,3.3,81.15445,36.42733,1,0,1,0,1,0,1,0,0
0,2,2,20,1,8.6,-30.48816,-153.47746,0,0,1,0,1,0,0,1,0
0,4,4,14,0,5.3,-15.34588,-66.38995,1,0,0,1,0,0,1,0,0
1,3,5,15,1,4.0,-70.59053,176.3597,0,0,0,0,0,1,0,0,1
1,4,3,7,1,6.2,-70.9867,-19.83762,0,0,0,0,0,0,0,1,0
1,2,1,5,1,3.3,-38.79458,67.09288,0,1,1,0,1,0,0,0,1
1,1,4,14,0,3.4,-56.35388,-52.78193,1,0,0,0,1,0,0,0,1
0,2,5,14,0,7.7,-62.80931,-85.28118,0,0,0,0,0,0,0,0,1
0,4,1,3,1,3.5,85.40369,-103.99413,1,0,0,0,0,1,0,0,1
0,3,1,2,1,6.5,53.2622,-35.49562,0,1,0,0,0,1,0,1,0
1,3,5,20,0,8.0,-5.72096,-21.1873,0,0,1,0,1,0,1,0,0
0,2,2,10,0,5.8,1.609,1.51631,1,0,0,0,0,0,0,0,0
0,3,4,3,0,4.1,-5.03422,76.79852,1,0,0,0,0,1,0,1,0
1,5,2,10,1,4.1,70.04468,-102.43351,0,1,0,1,1,0,0,0,1
1,4,5,1,0,2.7,-10.79295,18.59075,1,0,0,0,0,1,0,0,1
0,4,1,16,1,5.5,81.13536,171.81941,0,0,0,0,0,1,0,0,1
0,3,5,7,1,2.7,-68.54048,124.92005,1,0,1,0,0,1,0,0,1
0,2,1,15,0,8.1,-51.35296,91.98121,0,0,1,0,0,1,1,0,0
1,5,2,14,1,7.2,39.30822,18.40931,0,0,1,0,1,0,0,0,0
0,4,5,11,0,4.9,-4.47339,75.65038,1,0,1,0,0,0,0,1,0
1,4,3,12,1,6.6,21.77468,-166.91682,1,0,0,0,0,0,0,0,0
1,4,3,7,0,4.3,-23.92476,178.49321,1,0,0,0,0,0,0,1,0
1,2,2,10,0,5.0,11.62093,-103.33625,1,0,0,1,0,0,0,0,1
1,1,2,6,0,5.0,-40.48451,-165.76921,1,0,0,0,1,0,0,0,0
1,3,4,13,0,3.6,32.17033,42.86986,1,0,0,1,1,0,0,1,0
0,3,2,3,0,4.6,-14.30218,-172.2812,0,0,0,1,1,0,0,0,0
1,1,1,17,0,6.6,-44.3346,-99.447,0,0,0,1,0,1,0,0,1
0,3,4,4,1,5.7,-41.24736,118.12333,0,0,0,0,0,1,0,1,0
0,1,1,8,0,3.8,69.33913,32.88492,1,0,0,0,1,0,0,0,1
1,4,3,4,1,5.9,0.99885,-176.04268,0,1,0,0,0,0,0,0,0
1,5,1,20,1,10.0,-37.30278,-20.45016,0,1,0,0,1,0,0,0,0
1,3,2,3,1,1.9,-66.45219,-160.02938,1,0,0,1,1,0,1,0,0
1,2,2,18,0,7.5,10.73641,-68.52097,1,0,0,1,0,1,0,1,0
1,2,2,3,0,4.8,27.19598,82.13996,1,0,0,0,1,0,0,1,0
1,5,1,5,0,3.4,47.05153,129.06791,1,0,0,0,1,0,0,0,1
0,5,3,14,0,7.6,14.69578,-79.0536,0,0,0,1,0,0,1,0,0
0,3,1,15,0,6.7,61.98287,-93.9855,0,0,0,0,0,0,0,1,0
0,5,3,12,1,5.1,89.27763,-61.97537,0,1,0,1,0,1,0,0,1
1,1,5,6,0,4.0,9.87937,-123.63538,0,0,1,0,1,0,0,0,1
0,4,2,9,0,10.0,30.09137,109.96735,0,0,1,0,0,0,0,1,0
0,3,5,15,1,5.7,-22.04682,-157.30223,0,0,0,0,1,0,0,1,0
0,5,4,20,1,3.9,13.36627,-84.62604,1,0,0,1,0,1,0,0,1
0,5,2,14,0,4.0,-61.4312,-80.86538,1,0,1,0,1,0,1,0,0
1,1,1,3,0,8.7,-61.05803,19.89146,0,0,0,0,0,1,1,0,0
0,4,3,17,1,7.0,45.77185,-147.14485,0,0,0,0,1,0,1,0,0
0,1,2,14,1,8.0,-62.19193,62.4583,0,0,0,0,1,0,0,1,0
0,3,1,2,0,6.3,-48.79327,-162.55252,1,0,0,0,0,0,1,0,0
0,4,1,3,1,7.7,-10.1054,-99.97175,0,0,1,0,1,0,0,1,0
0,2,4,8,0,3.1,71.00046,-103.76195,1,0,0,1,1,0,1,0,0
1,2,3,4,0,8.3,-56.00187,-80.01532,0,1,0,0,0,0,0,0,0
1,3,1,11,1,8.5,-17.79226,31.79983,1,0,0,0,0,1,0,1,0
1,5,1,15,0,5.4,72.16339,15.48731,1,0,1,0,0,0,1,0,0
0,5,1,1,0,2.0,-89.31032,-177.61395,0,0,0,1,1,0,0,0,1
1,4,2,16,1,5.1,-19.40381,29.61178,0,0,0,1,0,1,0,0,1
1,2,4,16,1,5.9,-18.24444,-92.36277,0,1,0,0,0,0,0,0,1
1,1,5,4,1,7.0,82.73187,99.8691,0,1,0,0,0,0,0,0,0
1,3,1,8,1,7.5,-38.51036,62.06014,1,0,0,1,0,0,0,1,0
1,4,4,13,0,9.8,57.5163,161.25042,0,0,0,0,0,1,0,1,0
0,5,2,15,0,3.1,-77.44269,-116.40204,0,1,0,1,1,0,0,0,1
1,2,1,16,0,10.0,-14.99112,-145.53848,0,1,0,1,1,0,0,0,0
0,4,4,19,1,8.7,-22.56105,136.0876,0,0,0,0,0,0,0,1,0
1,3,4,12,1,5.1,-46.53266,-113.4803,1,0,1,0,1,0,0,1,0
1,5,1,5,1,2.4,-13.5267,102.11401,0,1,0,1,1,0,0,0,1
0,1,1,12,1,8.3,-89.50396,-110.4752,0,1,0,1,0,1,0,1,0
1,5,4,12,1,6.0,-44.54838,-20.69979,0,0,1,0,0,1,1,0,0
0,3,4,12,1,6.2,-89.06478,-16.24208,0,1,0,0,0,1,0,0,1
0,4,3,10,1,8.2,43.29925,-78.54474,0,1,0,0,1,0,0,0,0
1,4,3,9,0,4.5,21.78033,-107.76873,1,0,1,0,0,1,1,0,0
0,4,1,12,1,6.2,33.82878,-19.05339,0,0,0,0,0,1,0,0,1
1,5,3,5,1,7.3,-66.35259,118.87067,0,1,0,0,0,1,0,0,0
1,5,3,2,0,3.4,81.44239,-47.97342,1,0,0,0,0,0,0,0,1
0,5,2,4,1,4.4,22.59801,-109.28554,1,0,0,0,0,1,0,0,0
1,3,3,13,1,5.9,30.19631,-171.29356,1,0,0,1,1,0,0,0,0
1,4,5,14,0,7.4,49.29179,103.14158,0,0,0,0,0,1,1,0,0
1,3,2,14,0,4.4,-38.46697,73.5971,0,1,0,0,1,0,1,0,0
0,5,2,9,0,3.0,67.96057,-73.00943,1,0,0,1,0,1,0,0,1
0,1,2,10,1,5.1,58.34156,-70.12426,1,0,0,1,0,0,0,0,1
1,2,5,12,1,7.1,63.95365,49.24966,1,0,1,0,0,0,0,1,0
1,1,2,18,1,6.9,-77.89097,15.08578,0,0,0,0,1,0,0,0,1
0,3,1,16,0,5.6,27.23592,-126.44999,1,0,0,0,1,0,1,0,0
0,2,3,1,0,6.2,-47.30767,-170.24062,0,1,0,1,0,1,0,0,0
0,1,4,6,0,5.0,88.51884,139.71104,1,0,0,0,0,0,0,1,0
1,2,5,7,0,10.0,-62.43477,-21.21232,0,0,1,0,0,0,0,0,0
1,2,2,16,1,6.8,46.39604,55.75384,0,0,0,1,1,0,0,0,0
1,3,2,3,1,4.6,-79.61356,110.70336,1,0,1,0,0,1,1,0,0
1,4,1,18,0,7.6,-24.16154,-113.07569,0,0,0,0,1,0,0,0,1
1,2,2,7,0,5.3,11.56321,-49.13338,1,0,0,1,0,0,1,0,0
0,5,5,14,0,4.8,-85.23752,121.62068,0,1,0,1,0,1,0,1,0
0,3,3,1,1,4.0,86.35415,-25.21842,1,0,0,0,0,0,0,1,0
0,2,2,4,0,4.2,-5.50462,127.54845,0,1,1,0,1,0,0,1,0
0,3,3,18,0,7.3,73.55654,118.27388,0,1,0,0,1,0,0,0,0
1,5,3,11,0,3.2,18.56471,170.976,1,0,0,1,1,0,1,0,0
1,4,1,10,0,5.0,79.12129,129.32141,0,0,0,0,0,1,0,0,1
0,3,4,15,0,6.0,-10.38322,81.90483,0,1,1,0,0,0,0,0,1
1,4,3,13,1,6.1,-8.55561,-66.59468,0,1,0,1,1,0,0,1,0
1,5,3,9,1,4.2,-48.6583,167.95713,0,1,0,0,0,0,0,0,1
1,1,2,9,0,10.0,37.29683,158.72564,0,0,0,0,1,0,0,0,0
0,4,1,12,0,8.1,61.46413,-101.7108,1,0,1,0,0,1,0,1,0
0,1,3,7,0,3.6,88.07997,-156.65787,0,1,0,1,1,0,0,0,1
1,1,3,13,0,3.2,-10.48338,-157.74391,1,0,0,1,0,0,0,0,1
1,2,3,1,1,3.7,12.8508,20.34492,0,1,0,1,0,1,1,0,0
1,1,4,4,1,5.8,-43.44325,171.76102,0,1,0,1,0,0,1,0,0
1,4,3,1,1,5.4,63.73201,175.74127,0,1,0,1,0,1,0,1,0
1,1,4,20,0,9.4,-83.18833,131.49509,0,0,0,0,0,1,1,0,0
1,1,1,12,0,6.7,-15.64643,178.91025,0,1,0,0,0,1,1,0,0
0,1,2,20,0,7.8,-58.44916,-140.30176,1,0,0,0,0,1,0,1,0
0,5,5,17,1,5.2,11.41141,-163.97948,0,1,0,1,0,0,1,0,0
1,4,5,13,0,4.6,28.53462,36.4638,1,0,0,1,0,0,1,0,0
1,5,4,4,1,4.3,-20.21957,115.7325,0,1,0,1,1,0,0,0,0
0,1,3,15,1,6.6,63.40028,118.34222,0,0,0,1,0,1,0,1,0
0,4,2,6,1,4.7,62.89229,-25.91128,1,0,1,0,1,0,0,1,0
0,1,4,4,0,2.0,-64.48074,140.91992,1,0,0,1,1,0,0,0,1
1,4,5,19,1,3.5,-24.21582,98.11339,0,1,1,0,1,0,0,0,1
1,5,2,2,1,4.2,39.05839,-107.93682,0,1,1,0,0,1,1,0,0
0,5,5,4,0,2.4,-18.43458,-58.42917,1,0,0,1,0,0,0,0,1
0,3,5,1,0,3.9,33.62393,72.71629,0,1,0,1,1,0,0,1,0
1,3,1,10,1,3.7,-70.15854,-139.86878,0,0,0,1,0,1,0,0,1
1,1,3,16,1,5.4,-30.50591,-28.16175,0,0,0,0,1,0,0,0,1
1,4,5,3,1,4.5,53.87589,-26.40149,0,1,1,0,0,1,1,0,0
0,3,2,7,1,6.0,-30.59752,91.28855,0,1,1,0,0,1,0,0,0
0,5,4,10,0,4.2,56.49041,86.66751,1,0,0,0,0,1,1,0,0
1,4,1,13,0,7.3,-24.12338,-120.9678,0,1,0,0,0,0,0,1,0
1,1,4,8,1,3.7,-60.85332,177.36066,1,0,0,0,0,1,0,0,1
0,2,3,1,1,3.8,-10.70924,118.05917,0,1,0,1,1,0,0,1,0
1,5,2,7,0,6.5,-30.68075,-138.65006,0,0,0,1,0,0,0,0,1
1,2,5,17,0,5.0,70.77838,-98.72738,1,0,0,0,0,1,0,0,1
0,5,4,7,1,4.9,-11.6615,74.27126,1,0,1,0,0,1,0,1,0
1,4,2,10,0,4.2,65.71503,119.10847,0,0,0,1,0,1,0,0,1
0,4,1,7,1,5.7,-51.07769,-11.99224,0,1,1,0,1,0,0,0,0
0,2,3,10,0,5.5,77.58598,-142.55083,0,1,1,0,0,0,0,0,1
0,2,1,12,0,4.5,-65.90217,166.177,0,1,0,1,0,1,0,0,1
1,2,5,8,1,3.8,-43.80541,60.43271,1,0,0,0,0,0,1,0,0
0,5,5,1,1,3.3,-79.25343,-159.29404,0,1,0,0,1,0,0,1,0
0,3,1,8,1,8.2,30.89282,41.19966,1,0,0,0,0,0,1,0,0
0,2,2,10,0,4.1,-54.37669,-88.13577,0,1,0,1,1,0,0,0,1
1,2,4,13,0,5.7,-54.22859,-10.21483,0,0,0,0,1,0,0,0,1
0,4,4,17,0,6.4,-76.56308,-40.18903,1,0,1,0,1,0,0,1,0
0,4,2,9,1,8.9,-0.38759,-17.09985,0,0,1,0,0,1,0,1,0
0,4,5,15,1,9.3,10.46244,65.30608,0,0,1,0,0,0,0,0,1
0,5,3,9,1,3.9,-6.30854,91.23788,1,0,1,0,1,0,0,1,0
1,4,3,16,1,7.5,-68.24861,165.05347,0,1,0,1,0,0,0,1,0
1,3,1,3,0,4.5,52.07465,50.20199,1,0,0,1,0,0,0,0,0
0,2,5,14,0,5.3,6.49917,-35.06953,1,0,1,0,1,0,0,1,0
0,1,4,20,1,5.4,57.7641,130.90917,1,0,0,1,1,0,0,0,0
1,1,2,10,1,5.8,84.90829,-87.13979,0,1,1,0,0,1,0,0,1
0,1,4,3,1,4.0,-14.61592,92.14656,0,1,0,0,0,1,0,0,1
1,3,4,3,1,4.6,-35.04911,149.93288,0,1,1,0,0,0,1,0,0
0,1,2,7,0,5.7,-37.6823,-175.51305,0,0,1,0,1,0,0,1,0
1,2,4,9,1,7.7,-34.69403,140.68078,0,0,1,0,1,0,0,0,1
1,1,5,13,0,8.7,-73.79093,27.41892,0,1,1,0,0,0,1,0,0
1,5,4,10,1,7.8,54.8987,-60.5785,0,1,1,0,0,0,0,1,0
1,3,2,2,1,7.3,8.21286,-124.47293,0,0,0,0,1,0,0,0,0
1,3,1,1,0,8.0,-33.28326,-93.98143,0,0,0,1,0,0,0,0,0
1,1,4,18,1,5.8,14.569,-141.69913,1,0,0,0,1,0,0,0,1
0,2,4,3,0,5.1,-73.19399,151.31729,0,1,0,0,1,0,0,1,0
1,2,3,17,1,8.9,37.1509,99.71724,1,0,0,0,0,0,0,1,0
1,3,5,17,1,3.5,-35.80688,-161.89783,1,0,0,1,0,0,0,0,1
0,5,2,8,1,6.9,-88.28791,124.34824,0,1,0,0,0,0,0,1,0
1,5,1,6,0,6.4,-67.16179,-160.08178,0,1,0,1,0,1,0,0,0
0,3,3,3,0,4.6,-5.5027,-10.19893,1,0,1,0,0,0,0,1,0
0,1,5,4,0,6.8,-76.03182,-133.27149,0,1,0,1,0,1,0,0,0
1,1,4,11,1,8.5,-29.62057,-79.37702,0,0,0,0,0,0,1,0,0
1,2,4,4,0,7.4,-62.40677,179.02101,0,1,0,0,0,1,1,0,0
1,4,4,2,0,5.7,-59.83046,-78.50423,0,0,0,0,0,0,0,0,0
1,1,4,19,0,8.8,-6.9095,140.18598,0,0,0,1,1,0,0,1,0
0,4,4,16,1,7.6,5.85564,-165.30553,0,1,0,1,0,0,0,0,1
0,3,5,20,1,7.9,-32.27402,-83.24963,1,0,0,0,0,0,0,1,0
1,5,3,3,1,6.9,80.67361,2.56178,0,0,1,0,0,0,0,0,0
1,2,2,9,0,3.2,-79.41596,-55.98524,1,0,0,1,0,0,0,0,1
1,2,5,9,1,6.0,-23.86196,-14.65718,0,0,0,0,1,0,0,1,0
0,3,3,16,0,8.0,15.33859,-69.49427,0,1,0,1,0,1,0,1,0
0,3,5,14,0,6.2,-34.35803,-78.70828,0,1,1,0,1,0,0,0,0
0,3,1,1,0,4.9,82.18165,89.47143,0,0,0,0,1,0,0,0,1
1,4,1,3,0,6.4,-74.61685,-125.62712,0,1,1,0,1,0,0,0,0
1,5,5,15,0,6.1,15.17181,156.26737,1,0,1,0,0,0,0,1,0
1,4,2,11,0,4.8,-58.25529,72.41483,1,0,0,1,0,1,1,0,0
0,2,5,5,1,4.1,-10.8301,115.26071,1,0,0,1,0,0,1,0,0
1,5,4,17,0,8.5,-1.92314,59.10509,0,0,0,1,0,0,1,0,0
0,2,4,14,1,10.0,50.71024,18.89343,0,0,0,0,0,1,0,0,0
0,5,5,5,0,10.0,-67.81814,126.34442,0,0,0,0,0,0,0,0,0
0,2,5,2,0,7.2,-76.77739,56.70667,0,1,0,0,0,0,0,0,0
0,4,5,15,1,4.7,-40.56882,86.76394,0,1,0,1,0,1,0,0,1
0,4,3,2,1,3.2,2.33505,154.65399,0,0,1,0,1,0,0,0,1
0,5,5,20,0,7.0,-47.69178,-111.64796,0,0,1,0,1,0,1,0,0
0,1,4,7,1,5.8,-31.04638,36.92724,0,1,1,0,1,0,0,0,0
1,2,1,14,0,7.7,75.23373,117.29208,0,0,0,0,0,0,0,0,1
1,5,3,10,1,6.2,89.78909,118.43595,0,0,0,1,0,1,0,1,0
1,4,1,4,0,8.0,-74.98737,-37.07532,0,1,0,1,0,0,0,0,0
0,2,4,12,1,4.4,52.29774,60.4561,1,0,0,0,0,0,0,0,1
0,3,1,11,1,4.6,23.80164,-179.52119,0,1,0,1,0,1,0,0,1
0,4,3,19,0,9.9,38.85602,122.9104,0,1,0,1,0,0,0,1,0
0,3,5,14,1,5.9,13.00954,50.59668,0,1,1,0,0,0,0,0,0
0,2,4,12,0,7.3,65.5999,157.17011,0,1,0,1,0,1,0,0,0
1,2,1,10,1,9.9,63.28153,-60.7245,0,0,1,0,0,0,0,1,0
0,3,3,18,1,7.7,80.28934,-128.26855,0,1,0,1,0,1,0,1,0
0,2,4,15,1,5.3,-21.90737,105.69298,1,0,0,0,1,0,0,1,0
1,2,3,4,0,4.7,-69.69106,-15.42155,1,0,0,0,1,0,1,0,0
1,2,5,11,0,5.1,4.04371,153.62149,0,1,0,1,1,0,0,0,0
1,3,5,5,0,4.7,60.21887,169.68998,1,0,0,1,1,0,0,0,0
1,2,3,17,1,9.5,42.1588,62.23276,0,0,0,0,0,1,0,1,0
0,1,2,10,1,7.2,82.82268,73.16058,0,0,0,0,0,0,1,0,0
0,3,5,14,1,8.6,11.04334,-147.48668,0,0,1,0,0,1,0,1,0
0,5,4,7,0,4.1,-53.10681,-112.64478,0,0,1,0,0,1,0,0,1
1,2,4,18,1,4.1,73.81036,-21.66054,0,1,0,0,1,0,0,0,1
1,2,4,9,0,7.3,44.92772,-121.46875,0,1,0,0,0,0,1,0,0
0,3,3,20,0,7.5,-60.49082,-81.78961,0,1,0,0,0,0,0,0,1
1,3,1,18,0,8.7,-40.08881,95.41822,0,0,0,1,1,0,0,0,0
0,5,5,16,0,6.2,-69.60646,-157.08112,1,0,1,0,0,1,1,0,0
0,5,1,9,1,4.8,-53.33008,-173.55718,1,0,0,0,0,0,1,0,0
0,1,4,15,1,8.9,76.78375,-26.5205,1,0,1,0,1,0,0,1,0
1,2,2,18,1,4.8,-83.69675,16.43707,1,0,0,1,0,0,0,0,1
0,2,1,6,1,7.3,54.06265,-86.64047,0,0,0,1,1,0,0,0,0
0,1,3,17,0,5.6,66.52249,-129.62213,1,0,0,1,1,0,0,1,0
1,3,1,6,0,4.6,-81.36508,28.97199,0,1,1,0,0,0,0,0,1
1,5,5,15,1,9.1,-6.76529,122.6023,0,1,0,1,1,0,0,0,0
0,4,4,20,1,10.0,-54.41281,12.82931,0,0,0,0,1,0,0,1,0
1,2,4,5,0,2.6,62.87686,-108.39272,1,0,1,0,0,1,0,0,1
0,4,3,1,0,2.8,83.81145,111.54625,0,0,0,1,1,0,1,0,0
1,5,2,7,0,3.6,-33.71132,78.24246,1,0,0,1,0,0,0,1,0
0,1,1,3,1,4.8,83.78238,-65.28154,0,1,0,1,1,0,0,0,0
0,5,3,3,0,4.5,32.80566,-97.66862,0,1,0,0,0,1,0,0,1
1,4,1,20,0,6.7,-5.57074,158.46861,1,0,1,0,0,1,0,1,0
1,3,4,17,0,5.7,-11.8597,-123.05246,1,0,0,1,0,1,0,0,1
1,4,5,3,1,2.5,-42.32195,-125.30062,0,0,0,1,1,0,0,0,1
1,3,5,18,0,7.6,33.76808,52.79691,0,1,0,1,0,0,0,0,0
0,5,5,2,0,2.6,-52.32673,-177.76326,1,0,1,0,1,0,1,0,0
1,4,1,11,1,5.0,24.1273,135.55805,0,1,0,1,1,0,0,1,0
0,3,5,15,0,9.5,24.1087,150.80186,0,0,1,0,0,0,0,1,0
1,2,4,16,1,7.9,5.68974,173.80814,1,0,1,0,0,0,0,0,0
1,5,1,6,0,1.7,82.04343,-173.99423,1,0,1,0,1,0,0,0,1
1,2,2,13,0,5.2,47.48057,-4.06725,1,0,0,1,0,0,0,0,1
1,2,1,5,1,2.3,1.97128,175.82701,1,0,0,1,1,0,0,0,1
0,3,1,17,1,10.0,-29.69256,150.37169,0,0,1,0,0,0,1,0,0
0,3,3,8,0,5.8,73.22258,-124.67232,0,1,0,0,0,0,0,0,1
1,5,5,8,0,6.9,-73.76113,26.34799,0,1,0,0,0,0,1,0,0
1,2,4,7,0,6.8,60.94788,12.17172,0,0,0,1,0,1,0,0,0
0,4,5,20,1,5.3,-1.93424,-133.23112,0,0,1,0,1,0,0,0,0
1,2,3,15,1,4.6,85.89714,-134.73571,1,0,0,1,0,0,0,0,1
0,1,1,3,0,7.0,28.80009,-12.40318,0,0,1,0,0,0,0,1,0
0,1,5,10,1,7.0,-26.73529,96.71493,0,0,1,0,1,0,0,0,0
0,3,4,15,1,5.6,-62.02094,-42.64587,0,1,1,0,1,0,0,0,1
0,5,1,7,1,5.3,46.09419,-2.64265,0,1,0,1,0,1,0,1,0
1,1,1,7,1,10.0,5.20592,24.62869,0,0,0,0,0,1,1,0,0
1,1,3,6,0,6.7,59.09878,40.71772,0,1,1,0,1,0,0,0,0
0,2,2,10,0,5.8,-17.45804,-77.19391,0,1,0,0,0,1,0,1,0
1,5,4,12,0,8.1,70.80226,-78.49066,0,0,0,0,0,1,0,0,0
1,1,1,2,1,3.0,77.88312,24.3181,0,0,0,0,1,0,0,0,1
0,5,2,12,0,4.3,-4.24022,4.1765,0,1,1,0,1,0,1,0,0
1,3,4,16,0,7.8,72.67896,177.39472,1,0,0,0,0,0,0,1,0
1,1,4,19,0,9.7,89.35256,72.64709,1,0,0,0,0,0,1,0,0
0,2,3,12,1,6.0,-76.54518,11.02004,0,1,1,0,1,0,0,0,1
1,3,3,1,1,4.0,-79.14901,75.33941,0,1,1,0,1,0,0,1,0
0,3,3,10,0,7.8,63.98544,-64.07176,0,0,0,0,0,0,0,1,0
0,1,2,18,1,7.1,-58.15191,161.73363,1,0,0,0,0,0,0,0,0
1,2,4,3,1,4.6,-0.94131,89.83413,0,1,0,1,0,0,0,0,1
1,5,1,1,1,5.4,79.01148,76.42725,0,1,0,1,0,1,0,1,0
0,5,2,9,0,2.8,23.16891,-29.33299,0,1,0,1,1,0,0,0,1
0,4,5,6,0,3.1,85.94722,148.93209,0,1,0,0,1,0,1,0,0
1,4,1,1,0,6.4,-11.54454,43.16239,0,0,0,1,0,0,1,0,0
1,2,4,19,1,5.2,49.38803,82.08641,0,1,0,1,1,0,1,0,0
0,2,1,10,1,5.5,-3.27615,123.4315,0,0,0,1,1,0,0,1,0
1,3,5,4,1,4.2,67.11933,82.96509,1,0,0,1,0,1,0,1,0
0,5,3,6,0,3.8,-58.94151,77.07811,1,0,0,1,1,0,0,1,0
1,1,5,18,1,10.0,-8.19867,-84.09587,0,0,1,0,0,0,0,0,0
0,2,1,16,0,5.9,-48.0566,20.44986,1,0,1,0,0,0,0,0,1
0,2,5,14,0,10.0,-69.57378,-55.79477,0,0,1,0,0,0,0,1,0
0,5,5,9,0,10.0,-56.97861,95.53897,0,0,0,0,0,0,0,0,0
1,2,4,4,1,7.1,-48.18712,141.47684,0,0,0,0,0,0,0,0,1
0,2,4,6,1,3.5,21.63505,28.36933,1,0,0,1,0,1,1,0,0
1,1,4,15,1,7.7,54.70976,-172.10635,0,1,1,0,1,0,0,0,0
1,4,5,12,0,6.1,-66.98231,-76.15498,0,0,1,0,0,0,1,0,0
1,3,1,11,1,6.1,13.3323,-85.29904,1,0,0,0,0,1,0,0,1
0,1,2,16,1,9.0,10.07711,88.42798,0,1,1,0,0,1,0,0,0
0,2,2,11,1,8.6,61.9435,139.17083,0,0,0,0,0,0,1,0,0
0,2,2,17,0,5.8,-48.59137,-58.30117,0,1,1,0,0,0,0,0,1
0,4,1,4,1,6.2,-41.31408,31.90376,0,1,0,1,0,0,0,1,0
0,5,4,7,1,6.9,-26.13912,118.45972,1,0,1,0,0,0,0,1,0
0,2,2,10,1,4.9,-18.63815,-153.37836,0,0,0,1,0,1,0,1,0
0,5,3,1,1,6.1,-48.58076,122.00053,0,0,1,0,0,1,0,0,0
0,4,4,6,0,4.9,-39.87616,56.81559,1,0,0,1,0,1,0,0,0
1,4,3,20,0,6.2,2.2298,121.35074,1,0,0,1,0,0,0,1,0
1,3,4,8,1,6.6,14.46224,-22.30922,0,0,0,1,1,0,0,0,0
0,2,4,17,1,5.3,22.3225,-156.00437,0,1,0,1,0,0,1,0,0
0,1,1,1,0,3.0,69.02465,87.17784,1,0,1,0,0,1,0,0,1
1,3,1,4,0,9.0,77.25982,-165.16522,0,1,1,0,0,1,0,0,0
0,2,4,17,0,4.4,1.1845,19.58718,0,1,0,0,0,1,0,0,1
1,2,1,18,1,7.1,9.69647,-53.99685,0,0,0,0,0,1,1,0,0
1,1,1,18,0,10.0,1.86885,37.98617,0,0,0,0,0,1,0,0,0
1,4,3,12,0,5.1,-86.53193,-66.09278,0,1,0,0,1,0,1,0,0
0,4,4,4,1,5.4,44.45043,35.31745,0,0,1,0,1,0,0,1,0
0,4,3,11,0,7.0,-76.52976,-112.84125,1,0,1,0,0,1,0,1,0
1,3,2,15,1,7.8,-17.68717,-20.5498,0,0,1,0,1,0,0,1,0
1,3,2,17,0,6.7,-76.25304,-48.74079,0,0,1,0,1,0,0,1,0
0,2,1,13,0,6.5,14.49382,11.84066,0,1,0,1,0,1,0,0,0
0,5,5,18,0,7.3,40.60766,39.95313,0,1,1,0,1,0,0,0,0
0,3,4,15,1,5.0,42.25653,-88.09644,1,0,0,1,0,0,1,0,0
0,4,3,18,1,8.2,-9.84497,165.68792,1,0,1,0,0,0,1,0,0
0,4,5,4,1,4.6,-47.52045,-35.44911,0,0,1,0,1,0,1,0,0
1,4,4,18,0,8.7,62.1286,-11.15646,0,1,0,0,0,1,0,0,0
1,2,2,8,0,9.5,24.42454,48.73798,0,0,0,0,0,0,0,1,0
0,1,4,17,1,4.6,-44.5445,132.26496,1,0,0,1,1,0,1,0,0
1,1,1,9,1,7.8,47.65583,67.87506,0,1,0,1,0,0,0,0,1
0,5,3,7,0,3.9,5.74841,111.67513,0,1,0,1,0,1,0,0,1
0,3,5,4,0,2.5,-33.59705,-34.04355,0,0,0,1,1,0,0,0,1
1,5,2,3,1,2.3,-37.82355,53.10697,0,0,0,1,1,0,1,0,0
0,3,4,11,1,8.6,0.8372,80.16829,0,0,1,0,0,0,0,0,0
0,5,4,9,0,5.1,67.43985,-129.58162,0,1,0,1,0,1,0,0,0
1,4,1,7,0,3.3,72.16992,-76.28333,1,0,0,1,1,0,0,1,0
1,4,1,7,0,6.8,61.33555,159.67263,1,0,0,1,0,0,0,1,0
0,1,1,3,0,5.9,20.75065,118.58873,1,0,1,0,0,0,1,0,0
1,4,2,9,1,6.2,32.93727,-15.75664,0,1,0,0,1,0,0,0,0
0,2,2,20,1,7.4,25.90971,-16.04575,1,0,1,0,0,1,1,0,0
0,5,2,4,1,4.7,73.87607,17.7133,0,1,0,1,0,1,0,0,1
0,2,2,18,0,5.9,86.35818,-49.84099,0,1,1,0,0,1,1,0,0
0,1,5,19,1,9.1,-29.67096,-79.48381,0,1,1,0,0,1,0,1,0
0,3,2,18,1,6.3,80.00601,40.00481,1,0,0,1,1,0,0,0,1
1,2,4,11,0,5.9,18.5121,52.28378,0,1,0,1,0,1,0,0,0
0,5,3,19,0,9.8,39.89905,97.31109,0,1,0,1,0,1,0,1,0
0,2,3,14,1,6.2,22.34456,-98.78586,1,0,1,0,0,0,0,0,1
0,4,1,4,1,2.2,31.13092,-77.72653,1,0,0,0,1,0,0,0,1
1,4,2,13,0,5.0,54.66317,174.39437,0,0,0,1,0,1,0,0,1
0,4,5,15,1,5.2,-50.05391,48.74901,1,0,0,0,0,0,0,0,1
1,1,2,8,0,10.0,-79.48303,-53.93956,0,1,1,0,1,0,0,0,0
1,1,5,17,1,4.7,0.391,157.66778,0,0,0,1,1,0,0,0,1
1,3,2,7,0,6.6,87.50334,-64.25502,0,1,0,0,0,0,0,0,1
0,3,4,13,0,5.2,-79.24149,-84.35202,0,1,1,0,0,0,0,0,1
0,2,4,7,1,5.9,-22.78465,-69.8451,0,0,0,0,0,0,0,0,1
1,3,3,16,1,8.5,71.91767,-33.62866,0,1,0,0,0,1,0,0,0
1,2,4,13,1,5.2,-18.1345,-115.26907,1,0,1,0,0,0,0,0,1
0,5,4,14,0,8.0,-19.02827,-34.10132,0,0,0,0,1,0,0,0,0
1,4,4,4,0,5.0,-12.74397,98.26282,0,1,0,0,0,1,0,1,0
0,4,3,7,1,4.7,75.81892,138.17395,0,1,1,0,0,0,0,0,1
0,2,2,4,1,5.7,25.75824,46.88354,1,0,0,0,1,0,0,0,0
1,5,5,13,1,6.8,17.52631,110.92293,0,1,0,0,0,0,0,0,0
0,3,2,2,0,8.9,69.25958,-29.15317,0,1,1,0,0,0,0,0,0
1,3,1,13,0,7.4,59.52585,-21.10885,0,0,0,0,1,0,0,0,1
0,3,2,5,1,4.4,-89.81147,62.89487,0,1,0,1,0,0,0,1,0
1,4,3,3,0,6.2,78.46164,47.05771,0,0,0,1,0,1,0,0,0
1,4,1,8,0,3.4,87.72268,-129.52664,0,1,1,0,1,0,0,0,1
1,1,1,19,0,10.0,-62.58819,19.91878,0,0,1,0,0,0,0,0,1
1,2,3,11,1,4.8,-73.6925,-41.90074,0,0,1,0,1,0,0,0,1
1,5,4,18,0,10.0,-80.23729,118.7993,0,0,0,1,0,0,0,1,0
0,1,3,4,1,5.6,63.47997,-101.03932,0,1,0,0,1,0,1,0,0
0,1,5,9,0,5.6,61.99213,155.0191,0,0,0,0,0,0,0,0,1
0,1,3,19,1,8.9,0.03527,96.69327,0,1,1,0,0,0,1,0,0
1,5,3,6,0,3.6,0.61313,45.30908,1,0,0,1,0,1,1,0,0
1,5,5,9,0,3.6,-8.25958,64.3916,1,0,0,0,0,0,1,0,0
1,2,5,15,1,3.0,47.7699,165.14076,1,0,0,1,0,1,0,0,1
1,2,2,11,0,6.4,-37.97487,113.93068,0,1,0,1,0,1,1,0,0
0,3,5,7,0,6.8,-34.71905,143.91769,0,1,0,0,0,1,0,0,0
1,1,4,3,0,5.7,2.55376,158.5674,0,1,1,0,1,0,0,1,0
0,1,1,18,0,6.8,70.66177,-89.17707,1,0,0,1,1,0,0,0,0
0,5,5,12,1,4.4,-60.48387,-140.43305,1,0,0,1,0,0,1,0,0
0,5,2,3,0,5.6,82.21345,-43.56414,1,0,0,0,0,0,1,0,0
1,3,4,17,0,5.8,-16.79762,156.5882,1,0,0,0,1,0,0,1,0
0,3,2,11,0,6.8,44.02036,46.49102,0,1,1,0,1,0,0,1,0
0,5,3,7,0,4.7,-34.89974,106.34403,0,0,0,0,0,1,1,0,0
0,4,3,1,0,6.6,55.23764,-12.032,0,1,0,1,0,0,0,0,0
0,3,4,17,1,4.7,-86.37572,79.91299,1,0,1,0,0,0,1,0,0
0,2,5,14,1,9.5,9.23526,-39.78022,0,0,0,1,0,0,1,0,0
1,2,4,12,1,6.0,-86.57169,-61.16211,1,0,1,0,0,1,0,0,0
0,1,2,2,0,2.3,-73.28116,-65.19305,1,0,0,1,1,0,0,1,0
1,3,4,1,0,4.4,-15.91149,-46.49741,0,0,1,0,1,0,0,0,1
0,1,2,2,1,6.5,-17.69787,142.27664,0,0,0,0,1,0,0,1,0
1,5,5,17,1,5.1,-47.59266,87.92228,1,0,1,0,0,1,0,0,0
0,4,3,14,1,4.8,38.55217,-71.69786,0,0,0,1,0,0,0,0,1
1,3,4,3,0,8.0,-25.49467,-18.44178,0,0,1,0,0,0,0,1,0
1,4,1,7,1,4.1,37.80231,100.34432,1,0,0,0,1,0,0,1,0
1,1,4,15,0,5.3,27.96524,31.32155,0,1,0,0,1,0,1,0,0
1,5,3,10,1,3.8,-14.18658,-168.74519,0,0,1,0,1,0,0,0,1
0,1,5,20,0,6.1,-17.69341,132.50446,0,1,0,0,1,0,0,0,1
1,2,3,20,0,7.3,81.02102,31.45956,0,1,0,0,1,0,0,0,0
1,5,2,13,0,6.9,52.40414,60.77435,0,0,0,1,0,0,0,1,0
1,2,1,8,0,6.9,-33.54,-105.88397,0,0,0,0,1,0,0,0,0
1,3,4,16,1,4.4,9.06262,124.22455,0,1,0,0,0,1,0,0,1
0,4,3,11,1,6.0,-87.75982,164.23113,1,0,0,0,0,0,0,1,0
0,1,5,9,0,5.9,20.45822,-9.68685,0,1,0,1,1,0,0,0,0
1,5,3,16,1,10.0,26.39208,148.35198,0,1,0,0,0,1,0,0,0
1,5,3,17,1,6.9,-34.71578,53.11654,0,1,0,0,0,0,0,0,1
1,5,3,5,1,4.9,68.17753,-46.42406,0,1,0,0,1,0,1,0,0
1,4,1,10,0,6.6,-54.62276,-161.39429,0,0,1,0,1,0,0,1,0
0,4,2,5,0,5.9,-88.9023,2.69258,0,0,1,0,0,1,0,1,0
1,5,2,16,0,8.2,44.12577,-61.75286,0,1,1,0,0,0,0,0,0
1,4,1,17,1,6.7,-71.29501,-132.19194,1,0,0,0,0,0,0,1,0
0,1,2,18,1,10.0,-38.41445,-52.39371,0,0,0,0,0,1,0,0,0
1,2,2,8,1,4.1,40.2125,40.62205,1,0,0,1,1,0,1,0,0
1,1,1,9,1,4.9,-1.54191,165.77411,1,0,0,1,1,0,0,0,0
1,4,3,9,1,7.5,-20.95118,-135.01233,0,1,0,0,0,0,0,0,0
1,5,5,4,1,5.8,19.1066,46.60762,0,0,0,1,0,0,0,1,0
1,2,1,11,1,5.0,43.66403,82.03584,0,0,0,1,1,0,0,1,0
1,4,4,19,0,6.6,-10.23256,54.0645,1,0,0,0,1,0,0,1,0
0,2,2,11,1,5.6,-65.71934,-2.80852,0,1,0,1,0,0,0,0,1
0,1,4,8,0,5.7,42.12135,-89.26964,0,1,1,0,0,0,1,0,0
0,3,2,11,1,10.0,77.31417,138.87725,0,1,0,0,1,0,0,0,0
1,5,3,16,1,5.2,47.9933,36.04688,0,1,0,1,1,0,1,0,0
0,3,3,13,1,7.2,41.27134,72.37329,0,0,0,0,0,0,1,0,0
1,4,3,9,1,6.0,65.32721,71.97427,1,0,0,0,0,1,0,1,0
0,5,4,12,1,3.1,-11.4514,-77.20795,1,0,0,1,0,0,0,0,1
1,2,1,7,0,4.7,73.82599,-148.33525,1,0,0,0,1,0,0,0,1
1,1,2,15,1,5.7,-77.7491,63.95099,1,0,0,0,1,0,1,0,0
0,4,5,3,0,5.5,65.62941,-177.9955,0,1,0,1,0,0,0,1,0
1,4,5,15,1,7.5,-59.38567,-167.41365,0,0,0,0,1,0,0,1,0
1,1,3,15,1,3.4,67.3964,41.67196,1,0,0,1,0,1,0,0,1
1,1,4,16,1,7.6,66.89967,-105.8713,0,0,0,1,1,0,0,0,0
1,5,1,5,0,6.6,-31.20747,12.51683,0,1,0,0,0,0,0,1,0
0,1,5,10,0,5.0,-78.68076,-9.83684,0,0,0,1,0,1,0,1,0
1,4,1,16,1,9.0,57.0735,41.8201,0,1,0,0,0,0,0,0,0
1,2,5,1,1,5.5,27.82755,-53.55993,0,0,0,1,0,1,1,0,0
0,2,4,7,0,4.3,4.53289,-33.96969,1,0,1,0,1,0,0,0,0
1,3,3,15,0,6.1,-32.80829,-28.76734,0,1,0,0,0,1,0,1,0
1,1,4,3,0,4.9,-19.0445,-168.50223,0,1,0,0,0,1,1,0,0
1,1,3,3,0,6.0,-59.59626,-111.82578,1,0,1,0,0,0,0,0,0
1,4,4,10,1,5.3,-62.50686,30.78893,0,1,0,1,0,1,1,0,0
1,2,2,5,1,4.3,-15.61609,-175.51278,0,0,0,1,0,1,1,0,0
0,3,4,10,1,5.8,-50.38074,-107.13049,0,1,0,1,0,0,0,1,0
1,5,3,12,1,9.5,0.36336,143.02569,0,1,1,0,0,1,0,1,0
0,2,5,17,1,4.9,85.93415,-3.74601,1,0,0,1,0,0,0,0,1
0,1,4,5,0,3.6,77.47969,-140.43844,0,1,0,0,0,1,0,0,1
1,2,2,5,1,4.9,59.85528,86.92455,0,0,0,0,1,0,1,0,0
1,4,3,6,0,6.2,-47.03087,-71.28762,0,1,1,0,0,1,1,0,0
1,5,5,1,1,3.3,-75.73239,-6.7718,1,0,1,0,0,1,1,0,0
0,4,3,3,1,4.0,73.13519,-118.78655,0,1,0,0,0,1,0,0,0
1,5,4,14,0,4.4,61.7657,-76.78928,0,0,0,1,0,1,1,0,0
0,1,2,5,1,7.0,17.91566,-55.2307,0,0,0,1,1,0,0,0,0
0,5,1,12,1,5.8,17.13613,170.46673,0,0,0,1,0,0,0,0,1
0,1,3,11,0,6.8,23.71343,-18.00561,0,0,0,1,1,0,0,1,0
1,5,1,19,1,5.6,58.88403,-60.31521,1,0,1,0,0,1,0,0,1
1,5,4,17,1,4.2,-69.74245,34.8772,1,0,1,0,1,0,0,0,1
0,5,5,14,1,7.5,56.37351,-91.98013,0,1,0,0,0,0,1,0,0
1,4,2,7,1,7.9,75.23777,-34.97054,0,0,1,0,1,0,0,0,0
1,5,1,6,0,6.9,-76.07879,-118.89251,0,1,1,0,0,1,0,0,0
0,4,2,20,1,10.0,39.4752,-45.24408,0,0,0,0,0,1,0,0,1
1,5,3,18,1,5.6,2.23617,-115.89881,0,0,0,1,0,0,0,0,1
1,5,1,16,0,5.9,77.74849,-173.05835,1,0,0,1,0,1,0,0,1
0,5,1,14,1,6.3,-45.46327,-156.54726,1,0,0,1,1,0,0,0,0
1,5,1,9,1,3.9,-56.08454,-127.53133,0,0,0,1,1,0,0,0,1
1,5,5,13,1,5.6,-0.46476,-76.82884,1,0,1,0,0,1,0,1,0
1,1,4,11,0,4.2,-21.46124,175.19037,0,1,0,0,0,1,0,0,1
0,1,2,9,0,6.4,-38.55407,-141.05853,1,0,0,0,0,0,0,1,0
1,3,4,2,1,5.9,-66.92097,162.01638,0,0,0,1,0,0,0,0,0
1,1,5,16,0,8.9,-2.71826,-145.28138,0,1,0,0,0,0,1,0,0
1,5,4,17,1,8.5,23.24926,-108.98074,0,0,1,0,0,1,0,0,0
1,2,5,2,1,3.7,23.23961,-121.99662,1,0,0,0,0,0,0,0,1
1,4,3,12,0,5.8,9.94096,-67.91432,1,0,0,1,0,0,0,1,0
1,1,5,18,1,5.1,23.80374,-173.4,0,1,0,1,0,0,0,1,0
0,1,4,18,1,7.5,68.77497,-82.0638,0,0,0,0,0,1,0,0,1
0,2,2,13,0,4.2,82.53533,-75.15228,0,1,0,1,1,0,0,1,0
0,2,3,3,1,6.8,82.16367,174.58099,1,0,0,1,0,0,0,0,0
1,5,1,14,1,7.3,33.1382,159.84216,0,1,0,1,0,0,0,1,0
0,4,1,19,1,6.9,85.80109,-137.92998,0,0,1,0,0,1,0,1,0
0,2,5,7,1,5.3,53.18867,-26.60523,0,1,0,1,0,1,0,0,0
0,3,2,19,1,5.6,87.17131,77.92759,1,0,1,0,0,0,0,1,0
1,2,3,1,1,10.0,-77.89016,33.20076,0,0,1,0,0,0,0,0,0
0,5,3,15,1,5.1,-67.74906,67.11239,1,0,1,0,0,0,0,0,1
0,1,2,9,1,6.8,26.81227,-51.73175,0,0,0,0,1,0,1,0,0
1,1,4,16,0,6.6,-21.94586,-12.12728,1,0,0,1,0,1,0,0,0
0,2,5,12,1,6.0,-78.20042,100.53676,0,0,1,0,0,1,0,1,0
1,1,1,11,0,5.7,-38.58093,-56.33032,0,1,0,1,0,1,1,0,0
0,4,2,3,1,4.4,-28.52554,169.60803,1,0,1,0,1,0,0,1,0
0,1,2,2,1,5.2,44.14973,145.16735,0,0,0,1,1,0,1,0,0
0,5,4,2,0,3.6,-2.37478,152.55607,1,0,1,0,0,1,0,0,1
1,2,3,20,1,8.1,-1.2171,156.79252,0,1,0,1,1,0,0,1,0
1,4,5,11,0,6.1,-23.38338,123.77289,0,1,0,1,1,0,0,0,0
0,2,2,12,1,8.5,-80.57254,39.70729,0,1,0,0,1,0,0,0,0
1,2,2,11,1,6.3,-46.03882,-58.54449,0,1,1,0,0,1,1,0,0
1,4,3,14,1,5.6,33.03526,46.45631,1,0,0,0,1,0,0,0,0
1,2,2,13,0,8.5,-51.87071,4.71182,0,0,1,0,0,0,0,0,1
0,4,3,12,0,8.3,21.65039,-148.89942,0,0,0,0,1,0,0,1,0
1,1,5,8,0,5.7,-8.14346,-91.48737,1,0,0,1,0,0,0,1,0
1,4,3,7,1,4.6,-77.16431,116.24297,0,0,0,1,0,0,0,1,0
0,4,5,17,1,3.6,-44.53126,-151.01863,1,0,1,0,1,0,1,0,0
1,2,2,5,1,6.1,-88.88385,45.54273,1,0,0,0,0,1,0,1,0
0,3,4,16,0,4.5,79.73068,179.20329,1,0,0,0,1,0,0,0,0
0,4,4,16,0,4.5,20.64996,73.39028,1,0,1,0,0,0,0,0,1
1,5,5,14,0,6.6,-81.06405,-143.81308,0,0,1,0,0,1,0,0,0
0,2,5,7,0,3.3,82.40928,-158.51876,1,0,0,1,0,1,0,1,0
1,1,4,5,1,8.7,2.1074,63.05896,1,0,1,0,0,0,0,0,0
1,4,5,11,1,9.3,12.56242,-35.12594,0,0,0,0,0,1,1,0,0
1,1,5,19,0,7.6,-2.53256,-109.30534,1,0,0,0,0,1,0,0,1
0,2,5,8,0,3.5,11.88389,-128.40295,1,0,1,0,0,1,0,1,0
0,5,1,14,0,9.4,-62.31283,24.07343,0,0,0,0,0,0,0,1,0
0,5,3,1,0,2.9,-64.36461,-64.83931,1,0,0,1,0,0,1,0,0
0,4,2,17,0,9.0,-21.24906,162.66359,0,1,0,0,0,0,1,0,0
0,3,2,19,1,5.7,-33.2394,86.31862,0,1,1,0,1,0,0,0,1
1,3,5,10,0,3.4,47.53973,22.64497,1,0,1,0,0,1,0,0,1
1,3,2,13,1,5.5,-86.94582,-121.39745,0,1,0,1,1,0,0,0,0
1,5,3,1,1,3.4,-21.78935,-179.36733,1,0,0,0,0,0,1,0,0
0,3,3,1,0,3.3,37.3036,-171.44785,1,0,1,0,0,0,0,0,1
0,4,4,19,0,7.9,-42.30644,88.07025,0,1,0,1,0,0,0,0,0
0,5,1,4,1,5.6,-37.1046,-24.20847,0,1,1,0,1,0,0,0,0
0,1,3,8,1,8.6,-54.37816,146.33365,1,0,0,0,0,0,0,1,0
0,5,3,3,1,6.7,50.66354,150.76144,0,0,1,0,0,0,0,1,0
1,3,5,3,1,5.1,-67.77562,-68.94835,0,0,1,0,1,0,0,1,0
1,4,2,18,0,5.3,-73.48107,105.80026,1,0,0,1,1,0,0,0,0
1,2,3,14,0,8.1,35.88245,171.39438,0,0,1,0,0,1,0,1,0
1,2,5,7,0,7.0,47.99197,164.67318,0,1,0,1,0,0,0,1,0
1,1,3,11,0,8.8,1.07214,118.81096,1,0,0,0,0,0,1,0,0
0,3,2,10,1,4.9,84.7949,-60.03921,0,1,1,0,1,0,1,0,0
1,4,4,4,0,3.8,43.85131,-5.71768,1,0,0,1,0,1,0,1,0
0,4,3,7,1,4.2,-63.03692,138.96915,0,1,1,0,0,0,0,0,1
1,1,2,4,0,4.1,-20.82993,-91.72972,1,0,0,1,0,0,1,0,0
0,2,1,18,0,7.5,40.19282,-168.49113,0,0,0,1,0,1,0,0,1
0,5,1,11,0,6.3,-20.0436,12.98465,0,0,1,0,0,0,0,0,1
0,3,1,3,1,5.8,80.59631,-165.42558,0,1,0,1,0,1,0,0,0
1,1,5,3,0,6.7,18.03289,153.91749,0,1,1,0,0,0,0,0,0
1,2,5,9,1,5.9,-0.96803,174.71273,1,0,1,0,0,0,0,0,0
1,5,3,13,1,5.5,-73.28171,-95.04185,1,0,1,0,1,0,0,0,1
1,4,5,6,1,2.8,-28.12429,160.17394,1,0,0,1,1,0,1,0,0
1,4,2,11,0,4.3,-25.041,68.88078,0,1,1,0,0,1,1,0,0
1,3,4,19,1,10.0,-26.34531,-74.54786,0,0,0,0,0,0,0,1,0
0,3,1,7,1,7.6,60.74046,114.25062,1,0,1,0,1,0,0,0,0
0,2,4,1,1,7.4,9.62363,15.22023,0,0,1,0,0,1,0,0,0
0,3,2,6,1,2.0,-84.26918,-96.12213,1,0,0,1,1,0,0,0,1
0,3,2,3,1,6.2,7.155,-78.12071,1,0,1,0,1,0,0,1,0
1,5,1,18,0,9.1,-19.853,91.27744,0,0,0,1,1,0,0,1,0
1,4,1,5,0,4.9,64.44209,-30.24159,1,0,0,0,0,1,1,0,0
1,5,5,16,1,4.9,61.23331,-55.98569,1,0,1,0,0,1,0,1,0
0,3,3,14,0,5.8,37.44693,65.89327,0,0,0,1,0,1,1,0,0
0,1,2,7,1,7.2,71.53748,103.21711,1,0,0,0,0,1,0,0,1
0,5,3,20,1,8.4,-84.70478,-51.27068,0,0,1,0,0,1,0,0,0
1,4,4,20,1,4.8,49.57514,-3.67097,1,0,0,0,1,0,0,0,1
0,2,2,18,1,5.3,-70.89274,-0.69116,1,0,0,1,0,0,0,0,1
1,1,3,14,1,6.3,-31.24751,-146.15237,1,0,0,1,0,1,0,1,0
1,3,2,13,0,6.0,2.01022,24.43277,0,0,0,1,1,0,0,0,1
0,5,3,15,0,7.2,-58.12834,-131.05507,1,0,0,0,0,1,0,1,0
1,1,5,10,1,10.0,22.24069,85.40527,0,0,1,0,0,0,0,0,0
1,3,1,16,0,6.9,82.30554,122.67927,0,1,1,0,1,0,0,0,0
